timestamp,datetime,gpu_0_power,gpu_0_utilization,gpu_0_temperature,gpu_0_memory_used,gpu_0_memory_total,gpu_0_graphics_clock,gpu_0_memory_clock,gpu_1_power,gpu_1_utilization,gpu_1_temperature,gpu_1_memory_used,gpu_1_memory_total,gpu_1_graphics_clock,gpu_1_memory_clock,gpu_2_power,gpu_2_utilization,gpu_2_temperature,gpu_2_memory_used,gpu_2_memory_total,gpu_2_graphics_clock,gpu_2_memory_clock,gpu_3_power,gpu_3_utilization,gpu_3_temperature,gpu_3_memory_used,gpu_3_memory_total,gpu_3_graphics_clock,gpu_3_memory_clock,cpu_power,cpu_energy,cpu_temperature,cpu_socket0_temperature,cpu_socket0_pkg_watt,cpu_socket1_temperature,cpu_socket1_pkg_watt
1760673044.5595882,2025-10-17 11:50:44.559,19.25,0,40,14378,16376,210,405,13.19,0,40,12774,16376,210,405,21.35,0,38,12774,16376,210,405,16.34,0,36,12784,16376,210,405,129.33863734270733,13.41,38.6,41.0,0.0,36.2,0.0
1760673044.9414215,2025-10-17 11:50:44.941,19.21,0,40,14378,16376,210,405,13.22,0,40,12774,16376,210,405,21.39,0,38,12774,16376,210,405,16.29,0,36,12784,16376,210,405,137.0531483030193,14.19,38.6,41.0,68.74,36.2,69.0
1760673045.3008025,2025-10-17 11:50:45.300,19.21,0,40,14378,16376,210,405,13.22,0,40,12774,16376,210,405,21.39,0,38,12774,16376,210,405,16.29,0,36,12784,16376,210,405,133.40021208021824,13.79,38.6,41.0,68.74,36.2,69.0
1760673045.6554058,2025-10-17 11:50:45.655,19.21,0,40,14378,16376,210,405,13.22,0,40,12774,16376,210,405,21.39,0,38,12774,16376,210,405,16.29,0,36,12784,16376,210,405,136.75218847873285,14.1,38.6,41.0,70.01,36.2,68.64
1760673046.0157082,2025-10-17 11:50:46.015,19.25,0,40,14378,16376,210,405,13.19,0,40,12774,16376,210,405,21.36,0,38,12774,16376,210,405,16.23,0,36,12784,16376,210,405,136.5041391088403,14.04,38.6,41.0,70.01,36.2,68.64
1760673046.3762727,2025-10-17 11:50:46.376,19.25,0,40,14378,16376,210,405,13.19,0,40,12774,16376,210,405,21.36,0,38,12774,16376,210,405,16.23,0,36,12784,16376,210,405,126.46791237851983,13.01,38.6,41.0,66.87,36.2,66.52
1760673046.7333925,2025-10-17 11:50:46.733,19.25,0,40,14378,16376,210,405,13.19,0,40,12774,16376,210,405,21.36,0,38,12774,16376,210,405,16.23,0,36,12784,16376,210,405,133.13510305724387,13.72,38.6,41.0,66.87,36.2,66.52
1760673047.0910857,2025-10-17 11:50:47.091,19.37,0,40,14378,16376,210,405,13.12,0,40,12774,16376,210,405,21.32,0,38,12774,16376,210,405,16.18,0,36,12784,16376,210,405,134.7988055595947,13.81,38.6,41.0,66.66,36.2,66.89
1760673047.4513671,2025-10-17 11:50:47.451,19.37,0,40,14378,16376,210,405,13.12,0,40,12774,16376,210,405,21.32,0,38,12774,16376,210,405,16.18,0,36,12784,16376,210,405,132.91739399190695,13.71,38.6,41.0,66.66,36.2,66.89
1760673047.8099346,2025-10-17 11:50:47.809,19.37,0,40,14378,16376,210,405,13.15,0,40,12774,16376,210,405,21.32,0,38,12774,16376,210,405,16.18,0,36,12784,16376,210,405,132.9313210329883,13.68,38.6,41.0,68.53,36.2,78.94
1760673048.1783147,2025-10-17 11:50:48.178,19.41,0,40,14378,16376,210,405,13.15,0,40,12774,16376,210,405,21.3,0,38,12774,16376,210,405,16.21,0,35,12784,16376,210,405,132.78254203091598,13.68,38.6,41.0,66.58,36.2,66.21
1760673048.540355,2025-10-17 11:50:48.540,19.41,0,40,14378,16376,210,405,13.15,0,40,12774,16376,210,405,21.3,0,38,12774,16376,210,405,16.21,0,35,12784,16376,210,405,132.71880575149285,13.66,38.6,41.0,66.58,36.2,66.21
1760673048.8988447,2025-10-17 11:50:48.898,19.38,0,39,14378,16376,210,405,13.2,0,40,12774,16376,210,405,21.3,0,38,12774,16376,210,405,16.34,0,35,12784,16376,210,405,131.9550998322317,13.6,38.6,41.0,71.35,36.2,72.01
1760673049.258893,2025-10-17 11:50:49.258,19.38,0,39,14378,16376,210,405,13.2,0,40,12774,16376,210,405,21.3,0,38,12774,16376,210,405,16.34,0,35,12784,16376,210,405,132.24954748077946,13.59,38.6,41.0,71.35,36.2,72.01
1760673049.6187546,2025-10-17 11:50:49.618,19.38,0,39,14378,16376,210,405,13.2,0,40,12774,16376,210,405,21.3,0,38,12774,16376,210,405,16.34,0,35,12784,16376,210,405,126.09332447151525,12.96,38.6,41.0,66.17,36.2,66.02
1760673049.9812455,2025-10-17 11:50:49.981,19.34,0,39,14378,16376,210,405,13.23,0,40,12774,16376,210,405,21.29,0,38,12774,16376,210,405,16.36,0,35,12784,16376,210,405,134.53223327181595,13.84,38.6,41.0,66.17,36.2,66.02
1760673050.3416975,2025-10-17 11:50:50.341,19.34,0,39,14378,16376,210,405,13.23,0,40,12774,16376,210,405,21.29,0,38,12774,16376,210,405,16.36,0,35,12784,16376,210,405,126.67864517120934,13.03,38.6,41.0,68.97,36.2,62.4
1760673050.6903322,2025-10-17 11:50:50.690,19.34,0,39,14378,16376,210,405,13.23,0,40,12774,16376,210,405,21.29,0,38,12774,16376,210,405,16.36,0,35,12784,16376,210,405,135.19235638573892,13.89,38.6,41.0,68.97,36.2,62.4
1760673051.0457458,2025-10-17 11:50:51.045,19.32,0,39,14378,16376,210,405,13.28,0,40,12774,16376,210,405,21.27,0,38,12774,16376,210,405,16.23,0,35,12784,16376,210,405,133.73570285396363,13.76,38.6,41.0,72.77,36.2,80.09
1760673051.404669,2025-10-17 11:50:51.404,19.32,0,39,14378,16376,210,405,13.28,0,40,12774,16376,210,405,21.27,0,38,12774,16376,210,405,16.23,0,35,12784,16376,210,405,133.5965353369681,13.76,38.6,41.0,70.04,36.2,68.62
1760673051.770368,2025-10-17 11:50:51.770,19.32,0,39,14378,16376,210,405,13.28,0,40,12774,16376,210,405,21.27,0,38,12774,16376,210,405,16.23,0,35,12784,16376,210,405,132.27629830520218,13.64,38.6,41.0,70.04,36.2,68.62
1760673052.131383,2025-10-17 11:50:52.131,19.38,0,39,14378,16376,210,405,13.3,0,40,12774,16376,210,405,21.25,0,38,12774,16376,210,405,16.17,0,35,12784,16376,210,405,132.79356334072153,13.77,38.6,41.0,69.6,36.2,75.46
1760673052.4889612,2025-10-17 11:50:52.488,19.38,0,39,14378,16376,210,405,13.3,0,40,12774,16376,210,405,21.25,0,38,12774,16376,210,405,16.17,0,35,12784,16376,210,405,127.5291821664358,13.12,38.6,41.0,69.6,36.2,75.46
1760673052.8508246,2025-10-17 11:50:52.850,19.41,0,39,14378,16376,210,405,13.29,0,39,12774,16376,210,405,21.25,0,38,12774,16376,210,405,16.17,0,35,12784,16376,210,405,131.07317254732246,13.47,38.6,41.0,68.06,36.2,71.02
1760673053.2074416,2025-10-17 11:50:53.207,19.41,0,39,14378,16376,210,405,13.29,0,39,12774,16376,210,405,21.25,0,38,12774,16376,210,405,16.2,0,35,12784,16376,210,405,135.22274399772192,13.99,38.6,41.0,68.06,36.2,71.02
1760673053.5624871,2025-10-17 11:50:53.562,19.41,0,39,14378,16376,210,405,13.29,0,39,12774,16376,210,405,21.25,0,38,12774,16376,210,405,16.2,0,35,12784,16376,210,405,129.69247330408677,13.4,38.6,41.0,75.75,36.2,70.91
1760673053.9200833,2025-10-17 11:50:53.920,19.33,0,39,14378,16376,210,405,13.23,0,39,12774,16376,210,405,21.27,0,38,12774,16376,210,405,16.21,0,35,12784,16376,210,405,132.45863957161518,13.66,38.6,41.0,75.75,36.2,70.91
1760673054.262218,2025-10-17 11:50:54.262,19.33,0,39,14378,16376,210,405,13.23,0,39,12774,16376,210,405,21.27,0,38,12774,16376,210,405,16.21,0,35,12784,16376,210,405,134.67044089558541,13.87,38.6,41.0,68.65,36.2,87.64
1760673054.6236122,2025-10-17 11:50:54.623,19.33,0,39,14378,16376,210,405,13.23,0,39,12774,16376,210,405,21.27,0,38,12774,16376,210,405,16.21,0,35,12784,16376,210,405,132.71680761379335,13.67,38.6,41.0,68.65,36.2,87.64
1760673054.9796019,2025-10-17 11:50:54.979,19.19,0,39,14378,16376,210,405,13.19,0,39,12774,16376,210,405,21.28,0,38,12774,16376,210,405,16.24,0,35,12784,16376,210,405,133.15418114244227,13.69,38.6,41.0,70.34,36.2,76.94
1760673055.3379471,2025-10-17 11:50:55.337,19.19,0,39,14378,16376,210,405,13.19,0,39,12774,16376,210,405,21.28,0,38,12774,16376,210,405,16.24,0,35,12784,16376,210,405,137.16740399242767,14.13,38.6,41.0,65.03,36.2,64.23
1760673055.6930456,2025-10-17 11:50:55.693,19.19,0,39,14378,16376,210,405,13.19,0,39,12774,16376,210,405,21.28,0,38,12774,16376,210,405,16.24,0,35,12784,16376,210,405,127.04480665419715,13.02,38.6,41.0,65.03,36.2,64.23
1760673056.0412943,2025-10-17 11:50:56.041,19.17,0,39,14378,16376,210,405,13.18,0,39,12774,16376,210,405,21.26,0,38,12774,16376,210,405,16.35,0,35,12784,16376,210,405,139.24080607192525,14.33,38.6,41.0,66.95,36.2,66.23
1760673056.398214,2025-10-17 11:50:56.398,19.17,0,39,14378,16376,210,405,13.18,0,39,12774,16376,210,405,21.26,0,38,12774,16376,210,405,16.35,0,35,12784,16376,210,405,134.78185400886,13.82,38.6,41.0,66.95,36.2,66.23
1760673056.753158,2025-10-17 11:50:56.753,19.17,0,39,14378,16376,210,405,13.18,0,39,12774,16376,210,405,21.26,0,38,12774,16376,210,405,16.35,0,35,12784,16376,210,405,128.7927736985473,13.27,38.6,41.0,69.88,36.2,63.14
1760673057.1112468,2025-10-17 11:50:57.111,19.33,0,39,14378,16376,210,405,13.17,0,39,12774,16376,210,405,21.25,0,38,12774,16376,210,405,16.36,0,35,12784,16376,210,405,133.387396841777,13.73,38.6,41.0,69.88,36.2,63.14
1760673057.4671786,2025-10-17 11:50:57.467,19.33,0,39,14378,16376,210,405,13.17,0,39,12774,16376,210,405,21.25,0,38,12774,16376,210,405,16.36,0,35,12784,16376,210,405,126.41099231153198,13.02,38.55,40.9,70.66,36.2,57.22
1760673057.818415,2025-10-17 11:50:57.818,19.45,0,39,14378,16376,210,405,13.15,0,39,12774,16376,210,405,21.25,0,38,12774,16376,210,405,16.36,0,35,12784,16376,210,405,132.24276934355734,13.55,38.55,40.9,70.66,36.2,57.22
1760673058.1722255,2025-10-17 11:50:58.172,19.45,0,39,14378,16376,210,405,13.15,0,39,12774,16376,210,405,21.25,0,38,12774,16376,210,405,16.22,0,35,12784,16376,210,405,135.03312775494902,13.9,38.55,40.9,69.25,36.2,62.68
1760673058.5304484,2025-10-17 11:50:58.530,19.45,0,39,14378,16376,210,405,13.15,0,39,12774,16376,210,405,21.25,0,38,12774,16376,210,405,16.22,0,35,12784,16376,210,405,126.49484973406155,13.04,38.55,40.9,69.25,36.2,62.68
1760673058.8912332,2025-10-17 11:50:58.891,19.38,0,39,14378,16376,210,405,13.11,0,39,12774,16376,210,405,21.25,0,38,12774,16376,210,405,16.05,0,35,12784,16376,210,405,132.96664734794766,13.68,38.55,40.9,68.02,36.2,74.92
1760673059.2432399,2025-10-17 11:50:59.243,19.38,0,39,14378,16376,210,405,13.11,0,39,12774,16376,210,405,21.25,0,38,12774,16376,210,405,16.05,0,35,12784,16376,210,405,136.57685138658314,14.07,38.55,40.9,71.71,36.2,68.1
1760673059.5970106,2025-10-17 11:50:59.597,19.38,0,39,14378,16376,210,405,13.11,0,39,12774,16376,210,405,21.25,0,38,12774,16376,210,405,16.05,0,35,12784,16376,210,405,133.48135428570575,13.75,38.55,40.9,71.71,36.2,68.1
1760673059.9521399,2025-10-17 11:50:59.952,19.28,0,39,14378,16376,210,405,13.15,0,39,12774,16376,210,405,21.26,0,38,12774,16376,210,405,15.98,0,35,12784,16376,210,405,136.54140410509459,14.11,38.55,40.9,70.07,36.2,67.28
1760673060.3067315,2025-10-17 11:51:00.306,19.28,0,39,14378,16376,210,405,13.15,0,39,12774,16376,210,405,21.26,0,38,12774,16376,210,405,15.98,0,35,12784,16376,210,405,132.71149426307656,13.65,38.55,40.9,70.07,36.2,67.28
1760673060.6636207,2025-10-17 11:51:00.663,19.28,0,39,14378,16376,210,405,13.15,0,39,12774,16376,210,405,21.26,0,38,12774,16376,210,405,15.98,0,35,12784,16376,210,405,130.28932424034235,13.42,38.55,40.9,66.9,36.2,55.18
1760673061.0168934,2025-10-17 11:51:01.016,19.19,0,39,14378,16376,210,405,13.25,0,39,12774,16376,210,405,21.24,0,38,12774,16376,210,405,16.06,0,35,12784,16376,210,405,126.60405663688343,13.03,38.55,40.9,66.9,36.2,55.18
1760673061.3746848,2025-10-17 11:51:01.374,19.19,0,39,14378,16376,210,405,13.25,0,39,12774,16376,210,405,21.24,0,38,12774,16376,210,405,16.06,0,35,12784,16376,210,405,128.03520480101102,13.17,38.5,40.8,69.79,36.2,62.89
1760673061.7304778,2025-10-17 11:51:01.730,19.19,0,39,14378,16376,210,405,13.25,0,39,12774,16376,210,405,21.24,0,38,12774,16376,210,405,16.06,0,35,12784,16376,210,405,218.1312028677389,22.88,38.5,40.8,69.79,36.2,62.89
1760673062.1181102,2025-10-17 11:51:02.118,19.13,0,39,14378,16376,210,405,13.3,0,39,12774,16376,210,405,21.22,0,38,12774,16376,210,405,16.22,0,35,12784,16376,210,405,238.1661621619925,26.1,38.8,41.2,115.94,36.4,121.13
1760673062.5870395,2025-10-17 11:51:02.587,26.47,0,40,14378,16376,2550,11251,22.28,0,40,12774,16376,2550,11251,29.42,0,39,12774,16376,2550,11251,24.88,0,36,12784,16376,2550,11251,221.291297480778,23.06,39.2,41.9,115.94,36.5,121.13
1760673062.9946475,2025-10-17 11:51:02.994,41.25,0,40,14378,16376,2550,11251,37.05,0,40,12774,16376,2550,11251,46.67,0,39,12774,16376,2550,11251,41.74,0,36,12784,16376,2550,11251,158.07545664974703,16.41,39.6,42.2,80.17,37.0,74.37
1760673063.3458068,2025-10-17 11:51:03.345,48.68,1,40,14390,16376,2550,11251,39.1,0,40,12774,16376,2550,11251,58.92,0,39,12774,16376,2550,11251,42.96,0,36,12784,16376,2550,11251,158.77060391013222,16.46,39.7,42.2,80.17,37.2,74.37
1760673063.706814,2025-10-17 11:51:03.706,48.73,0,40,14390,16376,2550,11251,39.1,0,40,12774,16376,2550,11251,58.92,0,39,12774,16376,2550,11251,42.96,0,36,12784,16376,2550,11251,152.0630640917425,15.64,39.8,42.4,79.51,37.2,72.03
1760673064.0512164,2025-10-17 11:51:04.051,51.42,20,42,14390,16376,2550,11251,49.18,36,41,12786,16376,2550,11251,58.83,47,39,12786,16376,2550,11251,49.48,0,36,12796,16376,2550,11251,221.90505177675007,22.96,39.900000000000006,42.6,79.51,37.2,72.03
1760673064.4408944,2025-10-17 11:51:04.440,51.4,0,40,14390,16376,2550,11251,48.92,0,40,12786,16376,2550,11251,58.9,0,39,12786,16376,2550,11251,51.88,0,36,12796,16376,2550,11251,193.65928176235852,21.26,39.95,42.8,152.05,37.1,115.04
1760673064.8629334,2025-10-17 11:51:04.862,53.81,0,40,14390,16376,2550,11251,49.9,0,41,12786,16376,2550,11251,60.0,0,39,12786,16376,2550,11251,53.0,0,36,12796,16376,2550,11251,218.9341889871502,22.46,40.05,43.0,77.34,37.1,87.15
1760673065.2898922,2025-10-17 11:51:05.289,53.59,0,41,14390,16376,2550,11251,51.1,0,41,12786,16376,2550,11251,61.44,0,39,12786,16376,2550,11251,54.71,0,37,12796,16376,2550,11251,221.57303416170708,22.82,40.150000000000006,43.2,77.34,37.1,87.15
1760673065.7730505,2025-10-17 11:51:05.773,53.64,19,41,14390,16376,2550,11251,51.15,19,41,12786,16376,2550,11251,61.47,17,39,12786,16376,2550,11251,54.65,15,37,12796,16376,2550,11251,223.99920581052788,23.34,40.3,43.5,104.31,37.1,136.6
1760673066.1988478,2025-10-17 11:51:06.198,53.65,19,41,14390,16376,2550,11251,53.53,19,41,12786,16376,2550,11251,61.49,0,39,12786,16376,2550,11251,54.69,0,38,12796,16376,2550,11251,228.4669556476047,23.67,40.35,43.5,104.31,37.2,136.6
1760673066.6435025,2025-10-17 11:51:06.643,53.66,0,41,14390,16376,2550,11251,51.23,0,41,12786,16376,2550,11251,61.5,0,39,12786,16376,2550,11251,54.64,0,37,12796,16376,2550,11251,213.6339841586598,22.19,40.599999999999994,43.8,147.76,37.4,137.96
1760673067.0339198,2025-10-17 11:51:07.033,53.63,0,41,14390,16376,2550,11251,51.22,0,41,12786,16376,2550,11251,61.51,0,39,12786,16376,2550,11251,54.62,0,37,12796,16376,2550,11251,195.70122438498518,20.19,40.599999999999994,43.8,147.76,37.4,137.96
1760673067.4497519,2025-10-17 11:51:07.449,53.62,0,41,14390,16376,2550,11251,51.21,0,41,12786,16376,2550,11251,61.5,0,39,12786,16376,2550,11251,54.64,2,37,12796,16376,2550,11251,219.5315224107233,22.94,40.65,43.9,241.44,37.4,143.12
1760673067.899286,2025-10-17 11:51:07.899,53.63,0,41,14390,16376,2550,11251,51.17,0,41,12786,16376,2550,11251,61.49,20,40,12786,16376,2550,11251,54.7,17,37,12796,16376,2550,11251,225.63904109533226,24.09,40.65,43.9,241.44,37.4,143.12
1760673068.317149,2025-10-17 11:51:08.317,56.03,19,41,14390,16376,2550,11251,52.6,15,41,12786,16376,2550,11251,63.6,0,39,12786,16376,2550,11251,54.69,0,37,12796,16376,2550,11251,219.86207774227827,24.47,40.7,44.0,164.38,37.4,113.7
1760673068.7616296,2025-10-17 11:51:08.761,55.69,19,41,14390,16376,2550,11251,51.13,0,41,12786,16376,2550,11251,61.47,0,39,12786,16376,2550,11251,54.71,0,37,12796,16376,2550,11251,219.26727774929128,23.01,40.7,44.0,164.38,37.4,113.7
1760673069.2131133,2025-10-17 11:51:09.213,53.57,0,41,14390,16376,2550,11251,51.14,0,41,12786,16376,2550,11251,61.43,0,39,12786,16376,2550,11251,54.75,0,37,12796,16376,2550,11251,185.09291408420455,19.17,40.7,44.0,128.01,37.4,161.42
1760673069.6444514,2025-10-17 11:51:09.644,53.64,0,41,14390,16376,2550,11251,51.13,0,41,12786,16376,2550,11251,61.38,0,39,12786,16376,2550,11251,54.75,0,37,12796,16376,2550,11251,205.80435157866089,21.6,40.7,44.0,128.01,37.4,161.42
1760673070.0863333,2025-10-17 11:51:10.086,53.65,0,41,14390,16376,2550,11251,51.17,0,41,12786,16376,2550,11251,61.39,0,39,12786,16376,2550,11251,54.76,0,37,12796,16376,2550,11251,223.1238802447474,23.67,40.7,44.0,138.42,37.4,134.91
1760673070.5094328,2025-10-17 11:51:10.509,53.71,0,41,14390,16376,2550,11251,51.2,19,42,12786,16376,2550,11251,61.44,17,40,12786,16376,2550,11251,57.32,17,37,12796,16376,2550,11251,224.90755127344613,23.31,40.75,44.1,138.42,37.4,134.91
1760673070.9384103,2025-10-17 11:51:10.938,53.72,0,42,14390,16376,2550,11251,51.2,0,42,12786,16376,2550,11251,61.44,0,41,12786,16376,2550,11251,55.63,10,37,12796,16376,2550,11251,228.61986737117164,23.56,40.75,44.1,138.42,37.4,134.91
1760673071.3808987,2025-10-17 11:51:11.380,53.71,0,41,14390,16376,2550,11251,51.21,0,41,12786,16376,2550,11251,61.42,0,39,12786,16376,2550,11251,54.66,0,37,12796,16376,2550,11251,190.6897353936128,19.75,40.85,44.2,122.81,37.5,182.48
1760673071.7624106,2025-10-17 11:51:11.762,53.71,0,41,14390,16376,2550,11251,51.18,0,41,12786,16376,2550,11251,61.44,0,39,12786,16376,2550,11251,54.64,0,37,12796,16376,2550,11251,219.9724061982667,22.8,40.85,44.2,122.81,37.5,182.48
1760673072.1672235,2025-10-17 11:51:12.167,53.7,0,41,14390,16376,2550,11251,51.17,6,41,12786,16376,2550,11251,61.45,2,40,12786,16376,2550,11251,54.71,0,37,12796,16376,2550,11251,224.0214112299766,23.36,40.85,44.2,156.66,37.5,169.54
1760673072.584171,2025-10-17 11:51:12.584,53.71,0,42,14390,16376,2550,11251,51.19,19,42,12786,16376,2550,11251,61.46,0,41,12786,16376,2550,11251,55.82,11,37,12796,16376,2550,11251,226.42225818787875,23.88,40.85,44.2,156.66,37.5,169.54
1760673073.0002768,2025-10-17 11:51:13.000,53.66,0,41,14390,16376,2550,11251,51.22,0,41,12786,16376,2550,11251,61.42,0,39,12786,16376,2550,11251,54.81,0,37,12796,16376,2550,11251,209.61257866501552,21.77,40.85,44.2,52.61,37.5,73.82
1760673073.3955905,2025-10-17 11:51:13.395,53.64,0,41,14390,16376,2550,11251,51.21,0,41,12786,16376,2550,11251,61.4,0,40,12786,16376,2550,11251,54.8,0,37,12796,16376,2550,11251,204.10038740822895,21.13,40.85,44.2,52.61,37.5,73.82
1760673073.8042347,2025-10-17 11:51:13.804,53.63,0,41,14390,16376,2550,11251,51.2,0,41,12786,16376,2550,11251,61.38,0,40,12786,16376,2550,11251,54.79,0,37,12796,16376,2550,11251,219.76892101523998,23.11,40.95,44.4,120.29,37.5,103.74
1760673074.2951484,2025-10-17 11:51:14.295,53.67,19,41,14390,16376,2550,11251,51.2,0,41,12786,16376,2550,11251,61.4,20,40,12786,16376,2550,11251,54.79,7,37,12796,16376,2550,11251,222.8401372913585,23.27,40.95,44.4,120.29,37.5,103.74
1760673074.7055736,2025-10-17 11:51:14.705,53.69,19,43,14390,16376,2550,11251,53.52,19,41,12786,16376,2550,11251,63.92,17,40,12786,16376,2550,11251,54.76,0,38,12796,16376,2550,11251,225.19773925114603,23.62,41.0,44.4,87.88,37.6,80.57
1760673075.1321042,2025-10-17 11:51:15.132,53.67,0,41,14390,16376,2550,11251,51.16,0,41,12786,16376,2550,11251,61.41,0,40,12786,16376,2550,11251,54.84,0,37,12796,16376,2550,11251,204.53496145082264,21.31,41.05,44.5,87.88,37.6,80.57
1760673075.4973054,2025-10-17 11:51:15.497,53.73,0,41,14390,16376,2550,11251,51.16,0,41,12786,16376,2550,11251,61.39,0,40,12786,16376,2550,11251,54.89,0,37,12796,16376,2550,11251,194.72724795968145,20.07,41.1,44.6,137.15,37.6,154.45
1760673075.9213307,2025-10-17 11:51:15.921,53.74,0,41,14390,16376,2550,11251,51.17,0,41,12786,16376,2550,11251,61.4,0,40,12786,16376,2550,11251,54.88,0,37,12796,16376,2550,11251,222.70990656953057,23.1,41.3,44.8,137.15,37.8,154.45
1760673076.3999832,2025-10-17 11:51:16.399,53.74,19,41,14390,16376,2550,11251,51.2,0,41,12786,16376,2550,11251,61.42,17,40,12786,16376,2550,11251,54.78,3,38,12796,16376,2550,11251,226.1695146203033,24.64,41.349999999999994,44.9,177.19,37.8,172.1
1760673076.8161738,2025-10-17 11:51:16.816,53.72,19,41,14390,16376,2550,11251,53.5,19,42,12786,16376,2550,11251,63.98,20,40,12786,16376,2550,11251,54.63,0,39,12796,16376,2550,11251,228.02504510608526,23.96,41.349999999999994,44.9,177.19,37.8,172.1
1760673077.2723484,2025-10-17 11:51:17.272,53.71,0,41,14390,16376,2550,11251,51.16,0,41,12786,16376,2550,11251,61.45,0,40,12786,16376,2550,11251,54.66,0,37,12796,16376,2550,11251,219.90383790360448,23.63,41.4,45.0,212.25,37.8,124.69
1760673077.639207,2025-10-17 11:51:17.639,53.72,0,41,14390,16376,2550,11251,51.19,0,41,12786,16376,2550,11251,61.42,0,40,12786,16376,2550,11251,54.72,0,37,12796,16376,2550,11251,203.52042273884177,21.09,41.45,45.1,212.25,37.8,124.69
1760673078.0313702,2025-10-17 11:51:18.031,53.78,0,41,14390,16376,2550,11251,51.24,0,41,12786,16376,2550,11251,61.39,0,40,12786,16376,2550,11251,54.84,0,37,12796,16376,2550,11251,225.19208530056676,23.8,41.5,45.2,178.17,37.8,159.0
1760673078.4824924,2025-10-17 11:51:18.482,53.78,19,41,14390,16376,2550,11251,53.57,19,42,12786,16376,2550,11251,63.58,20,40,12786,16376,2550,11251,54.81,17,38,12796,16376,2550,11251,226.44393679423914,23.6,41.45,45.1,178.17,37.8,159.0
1760673078.8813324,2025-10-17 11:51:18.881,53.75,0,41,14390,16376,2550,11251,53.59,19,41,12786,16376,2550,11251,61.43,0,40,12786,16376,2550,11251,54.82,0,38,12796,16376,2550,11251,225.36604767919258,24.71,41.65,45.4,247.45,37.9,163.38
1760673079.3671122,2025-10-17 11:51:19.367,53.73,0,41,14390,16376,2550,11251,51.27,0,41,12786,16376,2550,11251,61.43,0,40,12786,16376,2550,11251,54.93,0,37,12796,16376,2550,11251,222.4942109019762,24.09,41.55,45.2,247.45,37.9,163.38
1760673079.8108926,2025-10-17 11:51:19.810,53.77,0,41,14390,16376,2550,11251,51.25,0,41,12786,16376,2550,11251,61.41,0,40,12786,16376,2550,11251,54.95,0,37,12796,16376,2550,11251,185.63231916395824,19.94,41.55,45.2,247.45,37.9,163.38
1760673080.2290103,2025-10-17 11:51:20.229,53.77,0,41,14390,16376,2550,11251,51.22,0,41,12786,16376,2550,11251,61.4,0,40,12786,16376,2550,11251,54.99,0,38,12796,16376,2550,11251,191.17975386619594,20.29,41.5,45.1,128.01,37.9,146.16
1760673080.6775446,2025-10-17 11:51:20.677,53.72,0,41,14390,16376,2550,11251,51.23,0,42,12786,16376,2550,11251,61.38,0,40,12786,16376,2550,11251,54.9,0,38,12796,16376,2550,11251,222.62410368510666,23.88,41.45,45.0,128.01,37.9,146.16
1760673081.1565442,2025-10-17 11:51:21.156,53.72,0,42,14390,16376,2550,11251,51.26,15,42,12786,16376,2550,11251,61.36,11,40,12786,16376,2550,11251,54.94,0,38,12796,16376,2550,11251,225.98893771032806,24.12,41.45,45.0,251.18,37.9,167.97
1760673081.5966423,2025-10-17 11:51:21.596,53.7,9,42,14390,16376,2550,11251,51.28,19,44,12786,16376,2550,11251,61.35,20,42,12786,16376,2550,11251,57.44,20,38,12796,16376,2550,11251,225.81386930175273,23.54,41.45,45.0,251.18,37.9,167.97
1760673082.0141973,2025-10-17 11:51:22.014,53.62,0,41,14390,16376,2550,11251,51.32,0,41,12786,16376,2550,11251,61.36,0,40,12786,16376,2550,11251,55.05,0,38,12796,16376,2550,11251,229.14202598779573,24.62,41.5,45.1,67.63,37.9,81.68
1760673082.497143,2025-10-17 11:51:22.497,53.66,0,42,14390,16376,2550,11251,51.3,0,41,12786,16376,2550,11251,61.38,0,40,12786,16376,2550,11251,55.03,0,38,12796,16376,2550,11251,227.52702241824198,25.55,41.5,45.1,67.63,37.9,81.68
1760673082.9474058,2025-10-17 11:51:22.947,53.75,0,42,14390,16376,2550,11251,51.27,0,42,12786,16376,2550,11251,61.4,0,40,12786,16376,2550,11251,55.03,0,38,12796,16376,2550,11251,183.9478513664323,19.27,41.45,45.0,105.93,37.9,79.03
1760673083.400853,2025-10-17 11:51:23.400,53.83,0,42,14390,16376,2550,11251,51.25,0,42,12786,16376,2550,11251,61.42,0,40,12786,16376,2550,11251,55.01,0,38,12796,16376,2550,11251,227.26032604434286,23.79,41.55,45.1,105.93,38.0,79.03
1760673083.8049493,2025-10-17 11:51:23.804,53.83,0,42,14390,16376,2550,11251,51.27,0,42,12786,16376,2550,11251,61.42,0,40,12786,16376,2550,11251,54.98,11,38,12796,16376,2550,11251,227.56472889629063,24.01,41.55,45.1,107.04,38.0,130.25
1760673084.2902412,2025-10-17 11:51:24.290,53.77,0,42,14390,16376,2550,11251,51.3,4,42,12786,16376,2550,11251,61.4,0,41,12786,16376,2550,11251,55.03,17,38,12796,16376,2550,11251,224.31254232301845,23.17,41.55,45.1,107.04,38.0,130.25
1760673084.7260199,2025-10-17 11:51:24.726,53.74,0,42,14390,16376,2550,11251,51.3,0,43,12786,16376,2550,11251,61.4,0,40,12786,16376,2550,11251,55.01,0,38,12796,16376,2550,11251,224.16463530120382,23.25,41.6,45.2,107.04,38.0,130.25
1760673085.1613457,2025-10-17 11:51:25.161,53.73,0,42,14390,16376,2550,11251,51.28,0,42,12786,16376,2550,11251,61.4,0,40,12786,16376,2550,11251,55.0,0,38,12796,16376,2550,11251,196.6950093795669,20.34,41.6,45.2,150.84,38.0,99.83
1760673085.5841737,2025-10-17 11:51:25.584,53.85,0,42,14390,16376,2550,11251,51.29,0,42,12786,16376,2550,11251,61.44,0,40,12786,16376,2550,11251,55.0,0,38,12796,16376,2550,11251,223.1244973360046,23.1,41.7,45.4,150.84,38.0,99.83
1760673086.0114586,2025-10-17 11:51:26.011,53.81,0,42,14390,16376,2550,11251,51.29,0,42,12786,16376,2550,11251,61.44,0,41,12786,16376,2550,11251,55.03,20,38,12796,16376,2550,11251,229.88880327933725,24.69,41.75,45.5,128.33,38.0,121.11
1760673086.4750488,2025-10-17 11:51:26.475,53.85,0,42,14390,16376,2550,11251,51.3,0,42,12786,16376,2550,11251,61.46,20,41,12786,16376,2550,11251,55.1,17,38,12796,16376,2550,11251,224.19952470252525,24.38,41.75,45.5,128.33,38.0,121.11
1760673086.9121447,2025-10-17 11:51:26.912,56.05,19,42,14390,16376,2550,11251,51.33,0,43,12786,16376,2550,11251,61.46,0,40,12786,16376,2550,11251,55.13,0,38,12796,16376,2550,11251,229.40147835356817,24.35,41.75,45.5,128.33,38.0,121.11
1760673087.3865385,2025-10-17 11:51:27.386,53.93,0,42,14390,16376,2550,11251,51.35,0,42,12786,16376,2550,11251,61.45,0,41,12786,16376,2550,11251,55.09,0,38,12796,16376,2550,11251,222.66998018399153,23.37,41.8,45.5,112.78,38.1,105.74
1760673087.8613172,2025-10-17 11:51:27.861,53.86,0,42,14390,16376,2550,11251,51.33,0,42,12786,16376,2550,11251,61.46,0,40,12786,16376,2550,11251,55.12,0,38,12796,16376,2550,11251,195.8199047577363,20.54,41.8,45.5,112.78,38.1,105.74
1760673088.288267,2025-10-17 11:51:28.288,53.78,0,42,14390,16376,2550,11251,51.33,0,42,12786,16376,2550,11251,61.48,0,40,12786,16376,2550,11251,55.19,0,38,12796,16376,2550,11251,180.44910757671204,18.67,41.85,45.6,124.61,38.1,172.13
1760673088.7400188,2025-10-17 11:51:28.740,53.79,0,42,14390,16376,2550,11251,51.3,0,42,12786,16376,2550,11251,61.5,0,40,12786,16376,2550,11251,55.23,0,38,12796,16376,2550,11251,226.60552375950738,24.94,41.85,45.6,124.61,38.1,172.13
1760673089.2023418,2025-10-17 11:51:29.202,53.91,0,42,14390,16376,2550,11251,51.27,0,42,12786,16376,2550,11251,61.51,17,41,12786,16376,2550,11251,55.29,20,38,12796,16376,2550,11251,225.1884701367406,24.46,41.95,45.8,124.61,38.1,172.13
1760673089.6186132,2025-10-17 11:51:29.618,54.84,19,42,14390,16376,2550,11251,53.6,19,42,12786,16376,2550,11251,64.03,20,40,12786,16376,2550,11251,55.38,0,39,12796,16376,2550,11251,226.77473662069463,23.43,41.95,45.8,121.86,38.1,147.17
1760673090.0541189,2025-10-17 11:51:30.054,53.86,0,42,14390,16376,2550,11251,51.28,0,42,12786,16376,2550,11251,61.51,0,40,12786,16376,2550,11251,55.36,0,38,12796,16376,2550,11251,214.24833663671453,22.2,41.8,45.5,121.86,38.1,147.17
1760673090.465541,2025-10-17 11:51:30.465,53.84,0,42,14390,16376,2550,11251,51.29,0,42,12786,16376,2550,11251,61.5,0,40,12786,16376,2550,11251,55.34,0,38,12796,16376,2550,11251,183.01059024528814,18.79,41.7,45.2,92.32,38.2,156.02
1760673090.9031332,2025-10-17 11:51:30.903,53.92,0,42,14390,16376,2550,11251,51.31,0,42,12786,16376,2550,11251,61.5,0,41,12786,16376,2550,11251,55.3,0,38,12796,16376,2550,11251,227.58149570344116,24.05,41.7,45.2,92.32,38.2,156.02
1760673091.3675015,2025-10-17 11:51:31.367,53.98,1,42,14390,16376,2550,11251,51.32,19,42,12786,16376,2550,11251,61.49,17,41,12786,16376,2550,11251,55.16,0,38,12796,16376,2550,11251,223.4621534424995,23.54,41.7,45.2,92.32,38.2,156.02
1760673091.760752,2025-10-17 11:51:31.760,54.02,19,44,14390,16376,2550,11251,51.9,19,42,12786,16376,2550,11251,61.58,20,40,12786,16376,2550,11251,55.01,0,39,12796,16376,2550,11251,224.9594201070308,23.09,41.7,45.2,152.95,38.2,113.86
1760673092.234546,2025-10-17 11:51:32.234,54.0,0,42,14390,16376,2550,11251,53.09,17,42,12786,16376,2550,11251,61.47,0,40,12786,16376,2550,11251,54.96,0,38,12796,16376,2550,11251,230.8776418972519,25.16,41.7,45.2,152.95,38.2,113.86
1760673092.7611747,2025-10-17 11:51:32.761,53.99,0,42,14390,16376,2550,11251,51.3,0,42,12786,16376,2550,11251,61.45,0,40,12786,16376,2550,11251,54.88,0,38,12796,16376,2550,11251,227.55158428634678,25.05,41.7,45.2,105.09,38.2,125.86
1760673093.2436512,2025-10-17 11:51:33.243,53.98,0,42,14390,16376,2550,11251,51.29,0,42,12786,16376,2550,11251,61.46,0,41,12786,16376,2550,11251,54.75,0,38,12796,16376,2550,11251,199.54690116399527,22.09,41.7,45.2,105.09,38.2,125.86
1760673093.6742346,2025-10-17 11:51:33.674,53.96,0,42,14390,16376,2550,11251,51.28,0,42,12786,16376,2550,11251,61.44,0,41,12786,16376,2550,11251,54.81,0,38,12796,16376,2550,11251,183.94269943676215,19.52,41.95,45.5,34.54,38.4,78.45
1760673094.1597412,2025-10-17 11:51:34.159,53.99,0,42,14390,16376,2550,11251,51.3,0,42,12786,16376,2550,11251,61.42,0,41,12786,16376,2550,11251,54.88,0,38,12796,16376,2550,11251,184.1347678923563,19.79,41.95,45.5,34.54,38.4,78.45
1760673094.6932378,2025-10-17 11:51:34.693,53.95,0,42,14390,16376,2550,11251,51.31,0,42,12786,16376,2550,11251,61.42,0,41,12786,16376,2550,11251,54.9,0,38,12796,16376,2550,11251,220.98589734459972,26.07,41.95,45.5,34.54,38.4,78.45
1760673095.107409,2025-10-17 11:51:35.107,53.9,0,42,14390,16376,2550,11251,51.31,14,42,12786,16376,2550,11251,61.44,10,41,12786,16376,2550,11251,55.01,17,38,12796,16376,2550,11251,221.9959216999767,23.15,42.0,45.5,104.83,38.5,43.14
1760673095.5338964,2025-10-17 11:51:35.533,53.91,0,42,14390,16376,2550,11251,51.33,0,42,12786,16376,2550,11251,61.46,0,41,12786,16376,2550,11251,55.01,0,39,12796,16376,2550,11251,227.0586989139787,24.15,42.0,45.5,104.83,38.5,43.14
1760673096.0535882,2025-10-17 11:51:36.053,52.92,14,42,14390,16376,2550,11251,51.15,0,42,12786,16376,2550,11251,60.76,0,41,12786,16376,2550,11251,55.09,0,38,12796,16376,2550,11251,226.55966666831955,26.5,42.0,45.5,122.19,38.5,164.82
1760673096.5251188,2025-10-17 11:51:36.525,53.87,0,42,14390,16376,2550,11251,51.32,0,42,12786,16376,2550,11251,61.47,0,41,12786,16376,2550,11251,55.07,0,38,12796,16376,2550,11251,187.86164617177337,20.66,42.05,45.5,122.19,38.6,164.82
1760673096.9698787,2025-10-17 11:51:36.969,53.87,0,42,14390,16376,2550,11251,51.3,0,42,12786,16376,2550,11251,61.46,0,41,12786,16376,2550,11251,55.09,0,38,12796,16376,2550,11251,221.65656271954407,23.51,42.15,45.5,144.15,38.8,109.75
1760673097.3665712,2025-10-17 11:51:37.366,53.44,18,43,14390,16376,2550,11251,48.95,0,43,12786,16376,2550,11251,58.94,0,42,12786,16376,2550,11251,55.1,20,38,12796,16376,2550,11251,232.32905621367865,24.72,42.2,45.5,144.15,38.9,109.75
1760673097.794891,2025-10-17 11:51:37.795,51.45,0,42,14390,16376,2550,11251,51.26,0,42,12786,16376,2550,11251,60.96,0,41,12786,16376,2550,11251,55.12,0,38,12796,16376,2550,11251,196.99432868522624,21.91,42.2,45.5,137.09,38.9,88.02
1760673098.208044,2025-10-17 11:51:38.208,53.94,0,42,14390,16376,2550,11251,51.28,0,42,12786,16376,2550,11251,61.44,0,41,12786,16376,2550,11251,55.16,0,38,12796,16376,2550,11251,220.81789904405565,24.08,42.25,45.5,137.09,39.0,88.02
1760673098.6869109,2025-10-17 11:51:38.686,53.97,0,42,14390,16376,2550,11251,51.28,0,42,12786,16376,2550,11251,61.44,20,41,12786,16376,2550,11251,55.17,17,38,12796,16376,2550,11251,222.69561948407653,24.88,42.25,45.5,127.66,39.0,126.57
1760673099.166466,2025-10-17 11:51:39.166,51.49,0,42,14390,16376,2550,11251,48.94,0,42,12786,16376,2550,11251,58.91,0,41,12786,16376,2550,11251,52.63,0,40,12796,16376,2550,11251,220.45602794950878,23.09,42.25,45.5,127.66,39.0,126.57
1760673099.6268733,2025-10-17 11:51:39.626,53.91,0,42,14390,16376,2550,11251,51.29,0,42,12786,16376,2550,11251,61.43,0,41,12786,16376,2550,11251,55.14,0,38,12796,16376,2550,11251,200.28924698326534,22.14,42.3,45.5,111.41,39.1,42.58
1760673100.09087,2025-10-17 11:51:40.090,53.85,0,42,14390,16376,2550,11251,51.31,0,42,12786,16376,2550,11251,61.4,0,41,12786,16376,2550,11251,55.09,0,38,12796,16376,2550,11251,220.59266722136093,22.98,42.35,45.5,111.41,39.2,42.58
1760673100.5485654,2025-10-17 11:51:40.548,53.83,0,42,14390,16376,2550,11251,51.29,6,42,12786,16376,2550,11251,61.37,2,41,12786,16376,2550,11251,55.06,17,39,12796,16376,2550,11251,218.8238077287216,22.64,42.45,45.5,111.41,39.4,42.58
1760673100.9399676,2025-10-17 11:51:40.939,51.38,0,42,14390,16376,2550,11251,50.55,0,42,12786,16376,2550,11251,60.02,0,41,12786,16376,2550,11251,52.45,0,38,12796,16376,2550,11251,223.02838451237415,24.02,42.45,45.5,83.46,39.4,120.48
1760673101.353155,2025-10-17 11:51:41.353,53.83,0,42,14390,16376,2550,11251,51.32,0,42,12786,16376,2550,11251,61.36,0,41,12786,16376,2550,11251,55.0,0,38,12796,16376,2550,11251,222.9212173528643,24.64,42.45,45.5,83.46,39.4,120.48
1760673101.7624347,2025-10-17 11:51:41.762,53.86,19,43,14390,16376,2550,11251,51.34,19,43,12786,16376,2550,11251,61.41,18,41,12786,16376,2550,11251,52.64,0,40,12796,16376,2550,11251,227.4104788977896,23.63,42.45,45.5,84.14,39.4,83.97
1760673102.1543813,2025-10-17 11:51:42.154,51.48,0,42,14390,16376,2550,11251,48.98,0,42,12786,16376,2550,11251,58.96,0,41,12786,16376,2550,11251,52.72,0,38,12796,16376,2550,11251,208.84392567848136,22.53,42.45,45.5,84.14,39.4,83.97
1760673102.589659,2025-10-17 11:51:42.589,53.96,0,42,14390,16376,2550,11251,51.33,0,42,12786,16376,2550,11251,61.49,0,41,12786,16376,2550,11251,55.22,0,38,12796,16376,2550,11251,222.91993803887246,23.52,42.45,45.5,95.17,39.4,180.08
1760673103.0047593,2025-10-17 11:51:43.004,54.0,0,43,14390,16376,2550,11251,51.36,0,43,12786,16376,2550,11251,61.46,0,41,12786,16376,2550,11251,55.21,20,39,12796,16376,2550,11251,224.5593254525688,24.03,42.45,45.5,95.17,39.4,180.08
1760673103.4448495,2025-10-17 11:51:43.444,51.53,0,42,14390,16376,2550,11251,49.4,6,42,12786,16376,2550,11251,59.85,0,41,12786,16376,2550,11251,52.66,0,38,12796,16376,2550,11251,225.99566022602232,23.38,42.5,45.6,88.94,39.4,92.71
1760673103.9341516,2025-10-17 11:51:43.934,54.0,0,42,14390,16376,2550,11251,51.37,0,42,12786,16376,2550,11251,61.43,0,41,12786,16376,2550,11251,55.09,0,38,12796,16376,2550,11251,186.3703074789128,20.15,42.5,45.6,88.94,39.4,92.71
1760673104.3716943,2025-10-17 11:51:44.371,54.0,0,42,14390,16376,2550,11251,51.32,0,42,12786,16376,2550,11251,61.41,0,41,12786,16376,2550,11251,55.2,0,38,12796,16376,2550,11251,223.55991114632988,23.74,42.5,45.6,144.51,39.4,126.54
1760673104.8517096,2025-10-17 11:51:44.851,53.94,0,43,14390,16376,2550,11251,51.3,19,43,12786,16376,2550,11251,61.42,18,41,12786,16376,2550,11251,55.2,20,39,12796,16376,2550,11251,221.71603387392304,23.17,42.45,45.5,144.51,39.4,126.54
1760673105.2595327,2025-10-17 11:51:45.259,51.47,0,42,14390,16376,2550,11251,48.98,0,42,12786,16376,2550,11251,58.91,0,41,12786,16376,2550,11251,52.67,0,38,12796,16376,2550,11251,226.3215915077524,26.55,42.45,45.5,74.01,39.4,87.03
1760673105.719529,2025-10-17 11:51:45.719,53.91,0,42,14390,16376,2550,11251,51.33,0,42,12786,16376,2550,11251,61.44,0,41,12786,16376,2550,11251,55.13,0,39,12796,16376,2550,11251,196.38451037490057,20.88,42.45,45.5,74.01,39.4,87.03
1760673106.2207572,2025-10-17 11:51:46.220,53.9,0,43,14390,16376,2550,11251,51.28,0,43,12786,16376,2550,11251,61.45,0,41,12786,16376,2550,11251,55.07,0,39,12796,16376,2550,11251,222.74113605489433,23.49,42.45,45.5,103.72,39.4,110.26
1760673106.669718,2025-10-17 11:51:46.669,53.88,19,43,14390,16376,2550,11251,51.29,0,43,12786,16376,2550,11251,61.42,20,42,12786,16376,2550,11251,55.1,17,38,12796,16376,2550,11251,222.85671967037027,25.1,42.45,45.5,103.72,39.4,110.26
1760673107.1120644,2025-10-17 11:51:47.112,51.38,0,42,14390,16376,2550,11251,48.97,0,42,12786,16376,2550,11251,58.88,0,41,12786,16376,2550,11251,52.63,0,39,12796,16376,2550,11251,216.67191876257573,23.0,42.45,45.5,103.72,39.4,110.26
1760673107.5391,2025-10-17 11:51:47.539,53.83,0,43,14390,16376,2550,11251,51.35,0,43,12786,16376,2550,11251,61.43,0,41,12786,16376,2550,11251,55.1,0,39,12796,16376,2550,11251,217.2408677238468,22.67,42.5,45.5,111.6,39.5,106.26
1760673107.9699862,2025-10-17 11:51:47.969,53.85,0,43,14390,16376,2550,11251,51.39,0,43,12786,16376,2550,11251,61.45,17,41,12786,16376,2550,11251,55.04,0,39,12796,16376,2550,11251,226.56923722313007,27.16,42.55,45.5,111.6,39.6,106.26
1760673108.4171557,2025-10-17 11:51:48.417,53.93,19,43,14390,16376,2550,11251,49.04,2,43,12786,16376,2550,11251,59.34,6,42,12786,16376,2550,11251,52.56,0,39,12796,16376,2550,11251,227.3064041773087,25.42,42.55,45.5,119.9,39.6,95.82
1760673108.8940217,2025-10-17 11:51:48.894,51.48,0,43,14390,16376,2550,11251,51.39,0,43,12786,16376,2550,11251,61.48,0,41,12786,16376,2550,11251,55.14,0,39,12796,16376,2550,11251,201.97651978073878,21.6,42.55,45.5,119.9,39.6,95.82
1760673109.3070338,2025-10-17 11:51:49.307,53.91,0,43,14390,16376,2550,11251,51.38,0,43,12786,16376,2550,11251,61.48,0,41,12786,16376,2550,11251,55.12,0,39,12796,16376,2550,11251,225.46863712499803,24.04,42.65,45.5,116.69,39.8,110.36
1760673109.7125356,2025-10-17 11:51:49.712,53.9,19,44,14390,16376,2550,11251,51.34,19,43,12786,16376,2550,11251,61.49,0,41,12786,16376,2550,11251,52.62,8,39,12796,16376,2550,11251,220.8565421508877,23.59,42.65,45.5,116.69,39.8,110.36
1760673110.0857942,2025-10-17 11:51:50.085,53.95,0,43,14390,16376,2550,11251,51.31,0,43,12786,16376,2550,11251,61.52,0,41,12786,16376,2550,11251,55.03,0,39,12796,16376,2550,11251,191.6120153457637,20.39,42.65,45.5,132.15,39.8,118.56
1760673110.5140753,2025-10-17 11:51:50.514,54.0,0,43,14390,16376,2550,11251,51.3,0,43,12786,16376,2550,11251,61.53,0,41,12786,16376,2550,11251,54.92,0,39,12796,16376,2550,11251,218.03828937351904,22.63,42.65,45.5,132.15,39.8,118.56
1760673111.0003867,2025-10-17 11:51:51.000,54.0,0,43,14390,16376,2550,11251,51.34,0,43,12786,16376,2550,11251,61.54,0,41,12786,16376,2550,11251,54.93,0,39,12796,16376,2550,11251,229.02104414850226,23.97,42.65,45.5,132.15,39.8,118.56
1760673111.44767,2025-10-17 11:51:51.447,52.42,10,43,14390,16376,2550,11251,51.41,19,45,12786,16376,2550,11251,59.0,0,43,12786,16376,2550,11251,55.01,18,39,12796,16376,2550,11251,224.8504621582405,24.71,42.65,45.5,120.63,39.8,124.85
1760673111.944962,2025-10-17 11:51:51.944,53.99,0,43,14390,16376,2550,11251,51.42,0,43,12786,16376,2550,11251,61.5,0,41,12786,16376,2550,11251,53.49,0,39,12796,16376,2550,11251,223.85700320391243,24.6,42.65,45.5,120.63,39.8,124.85
1760673112.3447046,2025-10-17 11:51:52.344,53.96,0,43,14390,16376,2550,11251,51.42,0,43,12786,16376,2550,11251,61.49,0,41,12786,16376,2550,11251,55.17,0,39,12796,16376,2550,11251,219.01777146061312,22.84,42.65,45.5,110.55,39.8,186.44
1760673112.7960804,2025-10-17 11:51:52.796,53.99,0,43,14390,16376,2550,11251,51.4,0,43,12786,16376,2550,11251,61.48,0,42,12786,16376,2550,11251,55.17,10,39,12796,16376,2550,11251,223.68891471114657,23.87,42.65,45.5,110.55,39.8,186.44
1760673113.1919436,2025-10-17 11:51:53.191,51.48,0,43,14390,16376,2550,11251,49.05,0,43,12786,16376,2550,11251,58.95,0,41,12786,16376,2550,11251,52.68,0,39,12796,16376,2550,11251,225.29912834475255,24.46,42.65,45.5,88.75,39.8,106.63
1760673113.631126,2025-10-17 11:51:53.631,53.94,0,43,14390,16376,2550,11251,51.37,0,43,12786,16376,2550,11251,61.46,0,41,12786,16376,2550,11251,55.23,0,39,12796,16376,2550,11251,203.5030469508199,21.06,42.65,45.5,88.75,39.8,106.63
1760673114.0609763,2025-10-17 11:51:54.060,53.88,0,43,14390,16376,2550,11251,51.3,0,43,12786,16376,2550,11251,61.46,0,41,12786,16376,2550,11251,55.18,0,39,12796,16376,2550,11251,221.57698184453605,23.28,42.7,45.5,88.75,39.9,106.63
1760673114.4493632,2025-10-17 11:51:54.449,53.9,19,43,14390,16376,2550,11251,48.91,0,43,12786,16376,2550,11251,58.97,8,41,12786,16376,2550,11251,52.57,0,39,12796,16376,2550,11251,223.25700355787305,24.93,42.7,45.5,111.17,39.9,106.63
1760673114.9715667,2025-10-17 11:51:54.971,51.45,0,43,14390,16376,2550,11251,48.93,0,43,12786,16376,2550,11251,58.98,0,41,12786,16376,2550,11251,55.0,0,39,12796,16376,2550,11251,189.71210673011532,21.19,42.7,45.5,111.17,39.9,106.63
1760673115.4078677,2025-10-17 11:51:55.407,53.87,0,43,14390,16376,2550,11251,51.28,0,43,12786,16376,2550,11251,61.5,0,41,12786,16376,2550,11251,55.06,0,39,12796,16376,2550,11251,224.92572390049267,24.11,42.7,45.5,104.95,39.9,132.55
1760673115.8213484,2025-10-17 11:51:55.821,53.86,19,43,14390,16376,2550,11251,50.81,18,43,12786,16376,2550,11251,61.47,20,41,12786,16376,2550,11251,52.62,0,39,12796,16376,2550,11251,225.64631913530158,24.13,42.7,45.5,104.95,39.9,132.55
1760673116.2378185,2025-10-17 11:51:56.237,53.83,0,43,14390,16376,2550,11251,51.24,0,43,12786,16376,2550,11251,61.45,0,41,12786,16376,2550,11251,55.17,0,39,12796,16376,2550,11251,197.22077339578968,21.26,42.7,45.5,104.04,39.9,107.07
1760673116.6678317,2025-10-17 11:51:56.667,53.83,0,43,14390,16376,2550,11251,51.25,0,43,12786,16376,2550,11251,61.42,0,41,12786,16376,2550,11251,55.2,0,39,12796,16376,2550,11251,221.2908149792877,23.03,42.7,45.5,104.04,39.9,107.07
1760673117.0853238,2025-10-17 11:51:57.085,51.43,0,44,14390,16376,2550,11251,51.29,19,43,12786,16376,2550,11251,58.89,0,41,12786,16376,2550,11251,52.69,3,39,12796,16376,2550,11251,232.648549666651,26.41,42.7,45.5,138.3,39.9,175.75
1760673117.5525658,2025-10-17 11:51:57.552,51.49,0,43,14390,16376,2550,11251,51.16,0,43,12786,16376,2550,11251,60.76,0,41,12786,16376,2550,11251,52.76,0,39,12796,16376,2550,11251,195.05999237619545,20.14,42.7,45.5,138.3,39.9,175.75
1760673117.9684234,2025-10-17 11:51:57.968,53.9,0,43,14390,16376,2550,11251,51.28,0,43,12786,16376,2550,11251,61.42,0,41,12786,16376,2550,11251,55.26,0,39,12796,16376,2550,11251,217.58557231186418,24.29,42.75,45.6,138.3,39.9,175.75
1760673118.3834856,2025-10-17 11:51:58.383,53.88,19,43,14390,16376,2550,11251,50.77,18,43,12786,16376,2550,11251,61.39,17,42,12786,16376,2550,11251,55.22,20,39,12796,16376,2550,11251,227.64073664618607,23.89,42.75,45.6,144.82,39.9,176.28
1760673118.7714763,2025-10-17 11:51:58.771,51.45,0,45,14390,16376,2550,11251,49.25,0,43,12786,16376,2550,11251,58.9,0,41,12786,16376,2550,11251,52.68,0,39,12796,16376,2550,11251,224.5097184125533,23.8,42.8,45.6,144.82,40.0,176.28
1760673119.2725036,2025-10-17 11:51:59.272,53.92,0,43,14390,16376,2550,11251,51.3,0,43,12786,16376,2550,11251,61.43,0,41,12786,16376,2550,11251,55.1,0,39,12796,16376,2550,11251,203.61328550079338,21.12,42.8,45.6,132.58,40.0,86.21
1760673119.7386494,2025-10-17 11:51:59.738,53.89,0,43,14390,16376,2550,11251,51.29,0,43,12786,16376,2550,11251,61.43,0,42,12786,16376,2550,11251,55.07,0,39,12796,16376,2550,11251,224.2814877136472,23.07,42.85,45.6,132.58,40.1,86.21
1760673120.152438,2025-10-17 11:52:00.152,52.2,9,43,14390,16376,2550,11251,48.94,0,45,12786,16376,2550,11251,58.9,0,44,12786,16376,2550,11251,54.88,20,39,12796,16376,2550,11251,225.38773707565053,23.85,42.900000000000006,45.6,83.88,40.2,90.65
1760673120.6280448,2025-10-17 11:52:00.628,51.48,0,43,14390,16376,2550,11251,48.92,0,43,12786,16376,2550,11251,58.89,0,42,12786,16376,2550,11251,55.08,0,39,12796,16376,2550,11251,206.96473934599047,21.75,42.900000000000006,45.6,83.88,40.2,90.65
1760673121.0341263,2025-10-17 11:52:01.034,53.9,0,43,14390,16376,2550,11251,51.27,0,43,12786,16376,2550,11251,61.44,0,42,12786,16376,2550,11251,55.16,0,39,12796,16376,2550,11251,225.46210240879796,23.52,42.900000000000006,45.6,126.8,40.2,103.31
1760673121.4702997,2025-10-17 11:52:01.470,53.89,0,43,14390,16376,2550,11251,51.3,0,43,12786,16376,2550,11251,61.47,0,42,12786,16376,2550,11251,55.23,17,39,12796,16376,2550,11251,229.57455937614543,25.04,42.900000000000006,45.6,126.8,40.2,103.31
1760673121.9714196,2025-10-17 11:52:01.971,53.91,9,43,14390,16376,2550,11251,51.29,19,43,12786,16376,2550,11251,61.47,20,44,12786,16376,2550,11251,55.3,20,39,12796,16376,2550,11251,224.74612264974317,23.78,43.1,46.0,108.12,40.2,95.84
1760673122.4912803,2025-10-17 11:52:02.491,53.19,16,43,14390,16376,2550,11251,48.92,0,43,12786,16376,2550,11251,58.96,0,42,12786,16376,2550,11251,55.33,0,39,12796,16376,2550,11251,220.91623879215098,23.15,43.1,46.0,108.12,40.2,95.84
1760673122.955094,2025-10-17 11:52:02.955,53.05,0,43,14390,16376,2550,11251,51.26,0,43,12786,16376,2550,11251,61.49,0,42,12786,16376,2550,11251,55.36,0,39,12796,16376,2550,11251,193.22583315571336,20.44,43.1,46.0,107.23,40.2,51.01
1760673123.4267683,2025-10-17 11:52:03.426,54.01,0,43,14390,16376,2550,11251,51.28,0,43,12786,16376,2550,11251,61.48,0,42,12786,16376,2550,11251,55.4,0,39,12796,16376,2550,11251,218.5235845898543,22.89,43.1,46.0,107.23,40.2,51.01
1760673123.9057407,2025-10-17 11:52:03.905,54.02,0,43,14390,16376,2550,11251,51.3,0,43,12786,16376,2550,11251,61.46,0,42,12786,16376,2550,11251,55.31,17,39,12796,16376,2550,11251,226.4327836818156,23.21,43.1,46.0,122.63,40.2,134.4
1760673124.3450592,2025-10-17 11:52:04.345,51.55,0,43,14390,16376,2550,11251,51.28,19,43,12786,16376,2550,11251,58.94,0,42,12786,16376,2550,11251,52.79,0,40,12796,16376,2550,11251,225.22906423405848,29.07,43.1,46.0,122.63,40.2,134.4
1760673124.869662,2025-10-17 11:52:04.869,54.06,0,43,14390,16376,2550,11251,51.26,0,43,12786,16376,2550,11251,61.46,0,42,12786,16376,2550,11251,55.24,0,39,12796,16376,2550,11251,187.9635872553843,21.09,43.1,46.0,82.68,40.2,75.0
1760673125.2676616,2025-10-17 11:52:05.267,54.11,0,43,14390,16376,2550,11251,51.27,0,43,12786,16376,2550,11251,61.47,0,42,12786,16376,2550,11251,55.16,0,39,12796,16376,2550,11251,220.0147556944789,23.04,43.1,46.0,82.68,40.2,75.0
1760673125.7192688,2025-10-17 11:52:05.719,54.1,0,43,14390,16376,2550,11251,51.26,0,44,12786,16376,2550,11251,61.49,0,42,12786,16376,2550,11251,55.12,17,39,12796,16376,2550,11251,221.65494973974012,23.4,43.1,46.0,82.68,40.2,75.0
1760673126.0911798,2025-10-17 11:52:06.091,51.68,0,43,14390,16376,2550,11251,49.4,0,43,12786,16376,2550,11251,58.99,0,42,12786,16376,2550,11251,55.14,0,39,12796,16376,2550,11251,195.30038592374413,21.1,43.1,46.0,108.78,40.2,122.75
1760673126.5116506,2025-10-17 11:52:06.511,54.1,0,43,14390,16376,2550,11251,51.26,0,43,12786,16376,2550,11251,61.5,0,42,12786,16376,2550,11251,55.14,0,39,12796,16376,2550,11251,227.37537946297644,23.91,43.1,46.0,108.78,40.2,122.75
1760673126.9344764,2025-10-17 11:52:06.934,54.1,0,43,14390,16376,2550,11251,51.3,9,43,12786,16376,2550,11251,61.49,5,42,12786,16376,2550,11251,55.18,17,39,12796,16376,2550,11251,224.2221057113241,24.62,43.1,46.0,108.78,40.2,122.75
1760673127.3044949,2025-10-17 11:52:07.304,52.08,0,43,14390,16376,2550,11251,51.32,0,43,12786,16376,2550,11251,61.51,0,42,12786,16376,2550,11251,55.29,0,39,12796,16376,2550,11251,205.12714386847733,22.56,43.1,46.0,114.02,40.2,116.15
1760673127.6963646,2025-10-17 11:52:07.696,54.15,0,43,14390,16376,2550,11251,51.34,0,43,12786,16376,2550,11251,61.54,0,42,12786,16376,2550,11251,55.35,0,39,12796,16376,2550,11251,221.59756909649462,23.35,43.1,46.0,114.02,40.2,116.15
1760673128.123506,2025-10-17 11:52:08.123,54.11,13,43,14390,16376,2550,11251,51.37,19,43,12786,16376,2550,11251,61.57,17,44,12786,16376,2550,11251,54.79,17,40,12796,16376,2550,11251,228.6057096630399,24.08,43.1,46.0,100.93,40.2,155.27
1760673128.5608606,2025-10-17 11:52:08.560,51.6,0,43,14390,16376,2550,11251,49.03,0,43,12786,16376,2550,11251,61.55,0,42,12786,16376,2550,11251,52.71,0,39,12796,16376,2550,11251,201.83983357253882,21.3,43.1,46.0,100.93,40.2,155.27
1760673128.9448092,2025-10-17 11:52:08.944,54.01,0,43,14390,16376,2550,11251,51.35,0,43,12786,16376,2550,11251,61.52,0,42,12786,16376,2550,11251,55.26,0,39,12796,16376,2550,11251,215.51346929479155,23.58,43.1,46.0,91.22,40.2,168.89
1760673129.395104,2025-10-17 11:52:09.395,54.05,0,44,14390,16376,2550,11251,51.31,17,44,12786,16376,2550,11251,61.52,7,42,12786,16376,2550,11251,55.34,20,39,12796,16376,2550,11251,225.81624637948298,23.62,43.1,46.0,91.22,40.2,168.89
1760673129.8226836,2025-10-17 11:52:09.822,51.75,0,43,14390,16376,2550,11251,48.96,0,43,12786,16376,2550,11251,59.01,0,42,12786,16376,2550,11251,55.37,0,39,12796,16376,2550,11251,207.36266281787292,22.47,43.1,46.0,91.22,40.2,168.89
1760673130.1901348,2025-10-17 11:52:10.190,54.37,0,43,14390,16376,2550,11251,51.29,0,43,12786,16376,2550,11251,61.57,0,42,12786,16376,2550,11251,55.3,0,39,12796,16376,2550,11251,230.41510886720772,24.91,43.2,46.0,105.74,40.4,75.65
1760673130.5667908,2025-10-17 11:52:10.566,52.01,3,44,14390,16376,2550,11251,48.94,0,45,12786,16376,2550,11251,59.05,0,44,12786,16376,2550,11251,54.49,17,39,12796,16376,2550,11251,220.48148437109262,22.8,43.2,46.0,105.74,40.4,75.65
1760673130.9446201,2025-10-17 11:52:10.944,54.4,0,43,14390,16376,2550,11251,51.27,0,43,12786,16376,2550,11251,61.57,0,42,12786,16376,2550,11251,55.42,0,39,12796,16376,2550,11251,222.30165511401648,23.17,43.2,46.0,98.96,40.4,116.68
1760673131.313227,2025-10-17 11:52:11.313,54.35,0,43,14390,16376,2550,11251,51.27,0,43,12786,16376,2550,11251,61.54,0,42,12786,16376,2550,11251,55.47,17,39,12796,16376,2550,11251,221.73332099195642,23.28,43.2,46.0,98.96,40.4,116.68
1760673131.7218325,2025-10-17 11:52:11.721,51.8,0,43,14390,16376,2550,11251,48.93,0,43,12786,16376,2550,11251,58.99,0,42,12786,16376,2550,11251,53.73,0,39,12796,16376,2550,11251,198.36470160379056,21.6,43.2,46.0,98.96,40.4,116.68
1760673132.118355,2025-10-17 11:52:12.118,54.28,0,43,14390,16376,2550,11251,51.29,0,43,12786,16376,2550,11251,61.54,0,42,12786,16376,2550,11251,55.32,0,39,12796,16376,2550,11251,223.5037836178614,23.82,43.2,46.0,130.3,40.4,60.44
1760673132.5488245,2025-10-17 11:52:12.548,54.34,19,44,14390,16376,2550,11251,51.31,19,44,12786,16376,2550,11251,61.57,17,42,12786,16376,2550,11251,52.74,0,41,12796,16376,2550,11251,221.1950896469829,24.36,43.2,46.0,130.3,40.4,60.44
1760673132.9839003,2025-10-17 11:52:12.983,51.91,0,43,14390,16376,2550,11251,48.98,0,43,12786,16376,2550,11251,59.06,0,42,12786,16376,2550,11251,52.79,0,39,12796,16376,2550,11251,197.05664479982443,20.79,43.2,46.0,105.01,40.4,126.91
1760673133.4069736,2025-10-17 11:52:13.406,54.48,0,43,14390,16376,2550,11251,51.32,0,43,12786,16376,2550,11251,61.59,0,42,12786,16376,2550,11251,55.14,0,39,12796,16376,2550,11251,222.9675206344521,23.85,43.2,46.0,105.01,40.4,126.91
1760673133.815709,2025-10-17 11:52:13.815,54.45,19,43,14390,16376,2550,11251,50.38,14,44,12786,16376,2550,11251,61.12,19,42,12786,16376,2550,11251,52.65,0,39,12796,16376,2550,11251,222.68739563530067,23.64,43.2,46.0,94.77,40.4,88.64
1760673134.276735,2025-10-17 11:52:14.276,53.39,0,43,14390,16376,2550,11251,48.97,0,43,12786,16376,2550,11251,61.56,0,42,12786,16376,2550,11251,52.78,0,39,12796,16376,2550,11251,186.45009178374676,20.09,43.2,46.0,94.77,40.4,88.64
1760673134.700191,2025-10-17 11:52:14.700,54.47,0,43,14390,16376,2550,11251,51.33,0,43,12786,16376,2550,11251,61.54,0,42,12786,16376,2550,11251,55.31,0,39,12796,16376,2550,11251,220.96520564703567,22.97,43.2,46.0,101.36,40.4,113.1
1760673135.1349893,2025-10-17 11:52:15.135,53.72,17,44,14390,16376,2550,11251,48.99,0,45,12786,16376,2550,11251,58.98,0,42,12786,16376,2550,11251,52.7,0,39,12796,16376,2550,11251,227.05365578320152,25.62,43.2,46.0,101.36,40.4,113.1
1760673135.5481198,2025-10-17 11:52:15.548,54.29,0,43,14390,16376,2550,11251,51.37,0,43,12786,16376,2550,11251,61.54,0,42,12786,16376,2550,11251,55.13,0,39,12796,16376,2550,11251,220.00670521946302,23.17,43.2,46.0,115.77,40.4,165.09
1760673135.91903,2025-10-17 11:52:15.919,54.26,0,44,14390,16376,2550,11251,51.37,0,44,12786,16376,2550,11251,61.56,0,42,12786,16376,2550,11251,55.18,17,39,12796,16376,2550,11251,213.53287400766698,22.84,43.2,46.0,115.77,40.4,165.09
1760673136.3413584,2025-10-17 11:52:16.341,51.78,0,43,14390,16376,2550,11251,49.01,0,43,12786,16376,2550,11251,59.04,0,42,12786,16376,2550,11251,52.82,0,39,12796,16376,2550,11251,199.28428607042036,21.1,43.2,46.0,115.77,40.4,165.09
1760673136.7260404,2025-10-17 11:52:16.726,54.27,0,43,14390,16376,2550,11251,51.33,0,43,12786,16376,2550,11251,61.59,0,42,12786,16376,2550,11251,55.34,0,39,12796,16376,2550,11251,225.16048047418386,24.14,43.25,46.0,136.6,40.5,60.36
1760673137.1064236,2025-10-17 11:52:17.106,54.28,19,43,14390,16376,2550,11251,48.98,0,43,12786,16376,2550,11251,59.05,9,42,12786,16376,2550,11251,52.85,0,39,12796,16376,2550,11251,221.82254794089067,24.04,43.25,46.0,136.6,40.5,60.36
1760673137.5105627,2025-10-17 11:52:17.510,54.3,0,43,14390,16376,2550,11251,51.37,0,43,12786,16376,2550,11251,61.57,0,42,12786,16376,2550,11251,55.29,0,39,12796,16376,2550,11251,219.96038202279752,25.23,43.25,46.0,103.91,40.5,126.24
1760673137.880605,2025-10-17 11:52:17.880,54.33,19,44,14390,16376,2550,11251,51.41,0,44,12786,16376,2550,11251,61.56,20,42,12786,16376,2550,11251,55.28,17,40,12796,16376,2550,11251,219.1131846959671,23.26,43.25,46.0,103.91,40.5,126.24
1760673138.27291,2025-10-17 11:52:18.272,51.82,0,43,14390,16376,2550,11251,49.06,0,43,12786,16376,2550,11251,61.54,0,42,12786,16376,2550,11251,52.77,0,39,12796,16376,2550,11251,200.60212240704914,24.12,43.25,46.0,98.27,40.5,143.66
1760673138.6874325,2025-10-17 11:52:18.687,54.24,0,43,14390,16376,2550,11251,51.4,0,43,12786,16376,2550,11251,61.52,0,42,12786,16376,2550,11251,55.33,0,39,12796,16376,2550,11251,223.33328647766612,24.69,43.25,46.0,98.27,40.5,143.66
1760673139.1369393,2025-10-17 11:52:19.136,54.19,0,44,14390,16376,2550,11251,51.37,13,44,12786,16376,2550,11251,61.5,9,42,12786,16376,2550,11251,55.31,0,40,12796,16376,2550,11251,212.13270056115448,23.55,43.25,46.0,113.35,40.5,129.66
1760673139.5839717,2025-10-17 11:52:19.583,53.03,13,43,14390,16376,2550,11251,49.02,0,43,12786,16376,2550,11251,58.96,0,42,12786,16376,2550,11251,52.77,0,39,12796,16376,2550,11251,222.1267647337081,23.46,43.25,46.0,113.35,40.5,129.66
1760673140.0389483,2025-10-17 11:52:20.038,54.28,0,43,14390,16376,2550,11251,51.37,0,44,12786,16376,2550,11251,61.49,0,42,12786,16376,2550,11251,55.2,0,39,12796,16376,2550,11251,202.3221905803353,20.83,43.25,46.0,116.0,40.5,102.69
1760673140.4588256,2025-10-17 11:52:20.458,54.41,0,44,14390,16376,2550,11251,51.33,0,44,12786,16376,2550,11251,61.49,0,42,12786,16376,2550,11251,55.14,0,39,12796,16376,2550,11251,226.19999022251025,23.38,43.25,46.0,116.0,40.5,102.69
1760673140.920228,2025-10-17 11:52:20.920,54.43,19,44,14390,16376,2550,11251,51.34,19,44,12786,16376,2550,11251,61.49,18,42,12786,16376,2550,11251,52.56,0,42,12796,16376,2550,11251,227.2444466521543,26.25,43.25,46.0,116.0,40.5,102.69
1760673141.3518467,2025-10-17 11:52:21.351,54.42,0,44,14390,16376,2550,11251,49.02,0,44,12786,16376,2550,11251,61.5,0,42,12786,16376,2550,11251,55.18,0,39,12796,16376,2550,11251,202.34940372680376,22.28,43.25,46.0,103.1,40.5,99.41
1760673141.7423322,2025-10-17 11:52:21.742,54.39,0,44,14390,16376,2550,11251,51.4,0,44,12786,16376,2550,11251,61.53,0,42,12786,16376,2550,11251,55.28,0,39,12796,16376,2550,11251,223.79878363930155,23.46,43.25,46.0,103.1,40.5,99.41
1760673142.1095452,2025-10-17 11:52:22.109,54.39,19,44,14390,16376,2550,11251,51.29,19,44,12786,16376,2550,11251,61.54,17,42,12786,16376,2550,11251,52.84,0,40,12796,16376,2550,11251,222.07117144995996,23.99,43.25,46.0,111.11,40.5,141.4
1760673142.54183,2025-10-17 11:52:22.541,51.94,0,44,14390,16376,2550,11251,49.04,0,44,12786,16376,2550,11251,59.0,0,42,12786,16376,2550,11251,55.44,0,39,12796,16376,2550,11251,200.85890163341838,20.8,43.25,46.0,111.11,40.5,141.4
1760673143.001399,2025-10-17 11:52:23.001,54.44,0,44,14390,16376,2550,11251,51.39,0,44,12786,16376,2550,11251,61.56,0,42,12786,16376,2550,11251,55.47,0,39,12796,16376,2550,11251,225.07579429710677,24.07,43.25,46.0,111.11,40.5,141.4
1760673143.4456787,2025-10-17 11:52:23.445,54.47,19,44,14390,16376,2550,11251,51.35,19,44,12786,16376,2550,11251,61.57,20,43,12786,16376,2550,11251,52.94,0,41,12796,16376,2550,11251,223.95186513399173,24.69,43.25,46.0,119.5,40.5,137.78
1760673143.8616033,2025-10-17 11:52:23.861,53.24,0,44,14390,16376,2550,11251,48.98,0,44,12786,16376,2550,11251,61.6,0,42,12786,16376,2550,11251,53.03,0,39,12796,16376,2550,11251,203.99913269288405,21.66,43.3,46.1,119.5,40.5,137.78
1760673144.2783828,2025-10-17 11:52:24.278,54.57,0,44,14390,16376,2550,11251,51.34,0,44,12786,16376,2550,11251,61.61,0,42,12786,16376,2550,11251,55.51,0,39,12796,16376,2550,11251,220.8010642069795,23.65,43.3,46.1,104.05,40.5,176.78
1760673144.7500272,2025-10-17 11:52:24.750,54.5,2,44,14390,16376,2550,11251,51.35,19,44,12786,16376,2550,11251,61.58,17,42,12786,16376,2550,11251,55.44,0,40,12796,16376,2550,11251,221.2629597630333,23.06,43.3,46.1,104.05,40.5,176.78
1760673145.1585126,2025-10-17 11:52:25.158,51.91,0,44,14390,16376,2550,11251,48.97,0,44,12786,16376,2550,11251,60.33,0,42,12786,16376,2550,11251,52.9,0,39,12796,16376,2550,11251,207.21308366811394,21.96,43.3,46.1,92.86,40.5,85.66
1760673145.566429,2025-10-17 11:52:25.566,54.36,0,44,14390,16376,2550,11251,51.29,0,44,12786,16376,2550,11251,61.56,0,42,12786,16376,2550,11251,55.49,0,40,12796,16376,2550,11251,223.1387422535897,24.43,43.3,46.1,92.86,40.5,85.66
1760673145.944556,2025-10-17 11:52:25.944,54.34,19,46,14390,16376,2550,11251,51.27,19,44,12786,16376,2550,11251,61.56,17,42,12786,16376,2550,11251,53.05,0,41,12796,16376,2550,11251,225.967477381411,23.33,43.3,46.1,92.86,40.5,85.66
1760673146.3041606,2025-10-17 11:52:26.304,54.38,0,44,14390,16376,2550,11251,51.29,0,44,12786,16376,2550,11251,61.57,0,42,12786,16376,2550,11251,55.62,0,40,12796,16376,2550,11251,196.18844149531867,22.39,43.35,46.2,102.34,40.5,85.67
1760673146.7578418,2025-10-17 11:52:26.757,54.35,0,44,14390,16376,2550,11251,51.32,0,44,12786,16376,2550,11251,61.57,0,42,12786,16376,2550,11251,55.66,0,40,12796,16376,2550,11251,223.73752123295148,24.03,43.35,46.2,102.34,40.5,85.67
1760673147.1519914,2025-10-17 11:52:27.152,53.28,14,44,14390,16376,2550,11251,48.97,0,45,12786,16376,2550,11251,59.03,0,44,12786,16376,2550,11251,55.67,20,40,12796,16376,2550,11251,225.83414347586938,24.37,43.35,46.2,81.03,40.5,100.94
1760673147.5932243,2025-10-17 11:52:27.593,51.88,0,44,14390,16376,2550,11251,49.07,0,44,12786,16376,2550,11251,59.05,0,42,12786,16376,2550,11251,55.63,0,40,12796,16376,2550,11251,195.51796546102298,21.07,43.35,46.2,81.03,40.5,100.94
1760673147.9894762,2025-10-17 11:52:27.989,54.35,0,44,14390,16376,2550,11251,51.33,0,44,12786,16376,2550,11251,61.59,0,42,12786,16376,2550,11251,55.63,0,40,12796,16376,2550,11251,226.79796928674838,23.97,43.35,46.2,107.05,40.5,116.55
1760673148.413191,2025-10-17 11:52:28.413,54.32,19,44,14390,16376,2550,11251,51.34,19,44,12786,16376,2550,11251,61.54,20,43,12786,16376,2550,11251,53.76,8,40,12796,16376,2550,11251,224.63603655186586,25.08,43.35,46.2,107.05,40.5,116.55
1760673148.8443246,2025-10-17 11:52:28.844,51.85,0,44,14390,16376,2550,11251,51.35,0,44,12786,16376,2550,11251,61.52,0,42,12786,16376,2550,11251,53.16,0,40,12796,16376,2550,11251,199.67467971472726,20.71,43.35,46.2,137.66,40.5,154.91
1760673149.2461548,2025-10-17 11:52:29.246,54.28,0,44,14390,16376,2550,11251,51.32,0,44,12786,16376,2550,11251,61.51,0,42,12786,16376,2550,11251,55.61,0,40,12796,16376,2550,11251,225.89932539728295,27.31,43.400000000000006,46.2,137.66,40.6,154.91
1760673149.6760678,2025-10-17 11:52:29.676,54.19,0,44,14390,16376,2550,11251,51.28,13,44,12786,16376,2550,11251,61.51,9,43,12786,16376,2550,11251,55.42,17,40,12796,16376,2550,11251,221.88728610261094,23.27,43.400000000000006,46.2,137.66,40.6,154.91
1760673150.0819855,2025-10-17 11:52:30.082,51.68,0,44,14390,16376,2550,11251,48.94,0,44,12786,16376,2550,11251,58.99,0,42,12786,16376,2550,11251,55.35,0,40,12796,16376,2550,11251,198.3955467361676,20.97,43.400000000000006,46.2,117.77,40.6,119.5
1760673150.51546,2025-10-17 11:52:30.515,54.2,0,44,14390,16376,2550,11251,51.28,0,44,12786,16376,2550,11251,61.53,0,42,12786,16376,2550,11251,55.46,0,40,12796,16376,2550,11251,226.5001440887195,23.94,43.400000000000006,46.2,117.77,40.6,119.5
1760673150.9298353,2025-10-17 11:52:30.929,54.23,19,46,14390,16376,2550,11251,51.31,19,44,12786,16376,2550,11251,61.54,0,42,12786,16376,2550,11251,53.1,0,41,12796,16376,2550,11251,223.3640159094225,23.0,43.400000000000006,46.2,121.52,40.6,247.66
1760673151.282823,2025-10-17 11:52:31.282,54.32,0,44,14390,16376,2550,11251,51.35,0,44,12786,16376,2550,11251,61.56,0,42,12786,16376,2550,11251,55.7,0,40,12796,16376,2550,11251,215.17801484471374,22.78,43.400000000000006,46.2,121.52,40.6,247.66
1760673151.6639028,2025-10-17 11:52:31.663,54.34,0,44,14390,16376,2550,11251,51.37,3,44,12786,16376,2550,11251,61.56,0,43,12786,16376,2550,11251,55.63,20,40,12796,16376,2550,11251,217.24668169809362,24.24,43.400000000000006,46.2,121.52,40.6,247.66
1760673152.0628228,2025-10-17 11:52:32.062,54.35,19,44,14390,16376,2550,11251,48.99,1,44,12786,16376,2550,11251,59.24,11,42,12786,16376,2550,11251,52.99,0,40,12796,16376,2550,11251,223.0124439837896,24.2,43.400000000000006,46.2,103.73,40.6,120.96
1760673152.5165536,2025-10-17 11:52:32.516,54.36,0,44,14390,16376,2550,11251,51.38,0,44,12786,16376,2550,11251,61.54,0,43,12786,16376,2550,11251,55.46,0,40,12796,16376,2550,11251,220.43226146628868,22.76,43.400000000000006,46.2,103.73,40.6,120.96
1760673152.8985038,2025-10-17 11:52:32.898,54.39,0,44,14390,16376,2550,11251,51.43,0,44,12786,16376,2550,11251,61.53,0,43,12786,16376,2550,11251,55.43,17,40,12796,16376,2550,11251,223.1537146503652,23.29,43.5,46.2,67.32,40.8,76.27
1760673153.2917922,2025-10-17 11:52:33.291,51.88,0,44,14390,16376,2550,11251,49.1,0,44,12786,16376,2550,11251,61.31,0,42,12786,16376,2550,11251,52.96,0,40,12796,16376,2550,11251,210.23685685654732,22.0,43.5,46.2,67.32,40.8,76.27
1760673153.6593215,2025-10-17 11:52:33.659,54.4,0,44,14390,16376,2550,11251,51.4,0,44,12786,16376,2550,11251,61.53,0,43,12786,16376,2550,11251,55.47,0,40,12796,16376,2550,11251,222.29637673590204,23.05,43.5,46.2,121.54,40.8,90.95
1760673154.0828285,2025-10-17 11:52:34.082,54.44,0,44,14390,16376,2550,11251,51.39,13,45,12786,16376,2550,11251,61.51,9,43,12786,16376,2550,11251,55.44,17,40,12796,16376,2550,11251,216.98568020675506,24.25,43.5,46.2,121.54,40.8,90.95
1760673154.5168455,2025-10-17 11:52:34.516,52.02,0,44,14390,16376,2550,11251,49.04,0,44,12786,16376,2550,11251,58.98,0,43,12786,16376,2550,11251,55.34,0,40,12796,16376,2550,11251,202.18313327730615,21.83,43.5,46.2,133.59,40.8,72.42
1760673154.9152796,2025-10-17 11:52:34.915,54.58,0,44,14390,16376,2550,11251,51.38,0,44,12786,16376,2550,11251,61.53,0,43,12786,16376,2550,11251,55.28,0,40,12796,16376,2550,11251,226.01566074544206,24.61,43.599999999999994,46.4,133.59,40.8,72.42
1760673155.326764,2025-10-17 11:52:35.326,54.64,19,44,14390,16376,2550,11251,51.39,19,44,12786,16376,2550,11251,61.54,17,43,12786,16376,2550,11251,52.75,8,40,12796,16376,2550,11251,221.84463875749447,26.49,43.599999999999994,46.4,133.59,40.8,72.42
1760673155.7483673,2025-10-17 11:52:35.748,53.55,0,44,14390,16376,2550,11251,49.07,0,44,12786,16376,2550,11251,61.56,0,43,12786,16376,2550,11251,52.9,0,40,12796,16376,2550,11251,202.9449600680327,21.12,43.599999999999994,46.4,149.36,40.8,117.63
1760673156.1527436,2025-10-17 11:52:36.152,54.51,0,44,14390,16376,2550,11251,51.43,0,44,12786,16376,2550,11251,61.56,0,43,12786,16376,2550,11251,55.5,0,40,12796,16376,2550,11251,222.83444603289044,23.05,43.599999999999994,46.4,149.36,40.8,117.63
1760673156.579778,2025-10-17 11:52:36.579,54.44,0,44,14390,16376,2550,11251,51.39,10,45,12786,16376,2550,11251,61.56,2,43,12786,16376,2550,11251,55.46,20,40,12796,16376,2550,11251,218.78043062523625,23.77,43.599999999999994,46.4,85.66,40.8,96.12
1760673157.0330675,2025-10-17 11:52:37.033,51.93,0,44,14390,16376,2550,11251,49.03,0,44,12786,16376,2550,11251,59.01,0,43,12786,16376,2550,11251,52.97,0,40,12796,16376,2550,11251,203.69529461971055,21.46,43.599999999999994,46.4,85.66,40.8,96.12
1760673157.3958414,2025-10-17 11:52:37.395,54.42,0,44,14390,16376,2550,11251,51.37,0,44,12786,16376,2550,11251,61.56,0,43,12786,16376,2550,11251,55.44,0,40,12796,16376,2550,11251,229.15377060702244,26.35,43.599999999999994,46.4,108.87,40.8,101.1
1760673157.8167546,2025-10-17 11:52:37.816,54.49,14,44,14390,16376,2550,11251,51.37,19,44,12786,16376,2550,11251,61.56,20,43,12786,16376,2550,11251,55.37,17,40,12796,16376,2550,11251,223.48733887856045,23.59,43.599999999999994,46.4,108.87,40.8,101.1
1760673158.2449183,2025-10-17 11:52:38.244,52.51,0,44,14390,16376,2550,11251,49.0,0,44,12786,16376,2550,11251,61.56,0,43,12786,16376,2550,11251,52.74,0,40,12796,16376,2550,11251,205.98170086020895,21.31,43.599999999999994,46.4,108.87,40.8,101.1
1760673158.6337125,2025-10-17 11:52:38.633,54.49,0,44,14390,16376,2550,11251,51.35,0,44,12786,16376,2550,11251,61.57,0,43,12786,16376,2550,11251,55.25,0,40,12796,16376,2550,11251,224.54308971918348,23.64,43.599999999999994,46.4,110.38,40.8,107.44
1760673159.0893507,2025-10-17 11:52:39.089,54.42,0,44,14390,16376,2550,11251,51.31,0,44,12786,16376,2550,11251,61.59,20,43,12786,16376,2550,11251,55.34,17,40,12796,16376,2550,11251,221.41009331788118,23.43,43.599999999999994,46.4,110.38,40.8,107.44
1760673159.484361,2025-10-17 11:52:39.484,51.87,0,44,14390,16376,2550,11251,48.93,0,44,12786,16376,2550,11251,61.58,0,43,12786,16376,2550,11251,55.42,0,40,12796,16376,2550,11251,185.48231973881278,19.52,43.599999999999994,46.4,116.5,40.8,114.68
1760673159.8906791,2025-10-17 11:52:39.890,54.36,0,44,14390,16376,2550,11251,51.28,0,44,12786,16376,2550,11251,61.56,0,43,12786,16376,2550,11251,55.49,0,40,12796,16376,2550,11251,223.04861626527173,24.09,43.599999999999994,46.4,116.5,40.8,114.68
1760673160.3253114,2025-10-17 11:52:40.325,54.38,19,44,14390,16376,2550,11251,51.3,19,44,12786,16376,2550,11251,61.51,17,43,12786,16376,2550,11251,55.51,14,41,12796,16376,2550,11251,222.455525424336,23.72,43.599999999999994,46.4,138.21,40.8,128.99
1760673160.7651753,2025-10-17 11:52:40.765,54.4,0,44,14390,16376,2550,11251,51.35,0,44,12786,16376,2550,11251,61.5,0,43,12786,16376,2550,11251,54.84,0,40,12796,16376,2550,11251,209.05443890869913,22.33,43.599999999999994,46.4,138.21,40.8,128.99
1760673161.1502218,2025-10-17 11:52:41.150,54.36,0,44,14390,16376,2550,11251,51.37,0,44,12786,16376,2550,11251,61.5,0,43,12786,16376,2550,11251,55.54,0,40,12796,16376,2550,11251,227.7525745274134,24.79,43.599999999999994,46.4,138.21,40.8,128.99
1760673161.5437822,2025-10-17 11:52:41.543,54.32,6,44,14390,16376,2550,11251,51.37,19,44,12786,16376,2550,11251,61.52,17,43,12786,16376,2550,11251,55.6,17,40,12796,16376,2550,11251,223.74435654215995,23.8,43.599999999999994,46.4,124.84,40.8,60.72
1760673161.9441483,2025-10-17 11:52:41.944,54.38,0,44,14390,16376,2550,11251,51.35,0,44,12786,16376,2550,11251,61.56,0,43,12786,16376,2550,11251,55.64,0,40,12796,16376,2550,11251,207.11228082981884,22.04,43.599999999999994,46.4,124.84,40.8,60.72
1760673162.3089187,2025-10-17 11:52:42.308,54.44,0,44,14390,16376,2550,11251,51.32,0,44,12786,16376,2550,11251,61.57,0,43,12786,16376,2550,11251,55.6,0,40,12796,16376,2550,11251,224.64532107408837,23.72,43.599999999999994,46.4,98.99,40.8,114.13
1760673162.7132366,2025-10-17 11:52:42.713,54.44,19,44,14390,16376,2550,11251,51.35,19,44,12786,16376,2550,11251,61.56,17,44,12786,16376,2550,11251,53.41,12,40,12796,16376,2550,11251,224.9717562438416,25.25,43.599999999999994,46.4,98.99,40.8,114.13
1760673163.1229808,2025-10-17 11:52:43.123,54.37,0,44,14390,16376,2550,11251,51.39,0,44,12786,16376,2550,11251,61.58,0,43,12786,16376,2550,11251,55.56,0,40,12796,16376,2550,11251,185.3603812574704,19.8,43.599999999999994,46.4,98.99,40.8,114.13
1760673163.5230358,2025-10-17 11:52:43.523,54.35,0,44,14390,16376,2550,11251,51.4,0,44,12786,16376,2550,11251,61.58,0,43,12786,16376,2550,11251,55.58,0,40,12796,16376,2550,11251,228.45215579737297,24.16,43.599999999999994,46.4,153.06,40.8,154.76
1760673163.9358156,2025-10-17 11:52:43.935,54.38,19,46,14390,16376,2550,11251,51.37,19,44,12786,16376,2550,11251,61.58,17,43,12786,16376,2550,11251,53.02,0,41,12796,16376,2550,11251,222.83792986965256,23.58,43.599999999999994,46.4,153.06,40.8,154.76
1760673164.2973428,2025-10-17 11:52:44.297,54.47,0,44,14390,16376,2550,11251,51.35,0,44,12786,16376,2550,11251,61.6,0,43,12786,16376,2550,11251,55.53,0,40,12796,16376,2550,11251,192.6673688960025,21.47,43.5,46.2,128.52,40.8,107.81
1760673164.7325835,2025-10-17 11:52:44.732,54.49,0,44,14390,16376,2550,11251,51.35,0,44,12786,16376,2550,11251,61.59,0,43,12786,16376,2550,11251,55.45,0,40,12796,16376,2550,11251,221.32605360984283,23.02,43.5,46.2,128.52,40.8,107.81
1760673165.1550364,2025-10-17 11:52:45.155,52.02,0,45,14390,16376,2550,11251,48.98,0,45,12786,16376,2550,11251,59.04,0,44,12786,16376,2550,11251,53.6,9,40,12796,16376,2550,11251,227.17690854418734,25.63,43.599999999999994,46.4,88.28,40.8,79.51
1760673165.597026,2025-10-17 11:52:45.597,52.07,0,44,14390,16376,2550,11251,49.27,0,44,12786,16376,2550,11251,59.03,0,43,12786,16376,2550,11251,55.38,0,40,12796,16376,2550,11251,188.21800586161356,19.61,43.599999999999994,46.4,88.28,40.8,79.51
1760673166.023549,2025-10-17 11:52:46.023,54.52,0,44,14390,16376,2550,11251,51.37,0,44,12786,16376,2550,11251,61.57,0,43,12786,16376,2550,11251,55.51,0,40,12796,16376,2550,11251,224.9420026542971,24.29,43.65,46.5,120.34,40.8,102.78
1760673166.4698343,2025-10-17 11:52:46.469,54.49,19,45,14390,16376,2550,11251,51.39,2,45,12786,16376,2550,11251,61.39,20,43,12786,16376,2550,11251,55.59,17,40,12796,16376,2550,11251,224.14471978547854,24.0,43.65,46.5,120.34,40.8,102.78
1760673166.9056718,2025-10-17 11:52:46.905,51.97,0,44,14390,16376,2550,11251,50.11,12,44,12786,16376,2550,11251,59.05,0,43,12786,16376,2550,11251,53.06,0,40,12796,16376,2550,11251,225.0189743443404,23.94,43.7,46.6,79.28,40.8,281.5
1760673167.3617842,2025-10-17 11:52:47.361,54.49,0,44,14390,16376,2550,11251,51.37,0,44,12786,16376,2550,11251,61.59,0,43,12786,16376,2550,11251,55.58,0,40,12796,16376,2550,11251,201.52918125822188,21.09,43.7,46.6,79.28,40.8,281.5
1760673167.8141203,2025-10-17 11:52:47.814,54.54,0,44,14390,16376,2550,11251,51.39,0,44,12786,16376,2550,11251,61.56,0,43,12786,16376,2550,11251,55.72,0,40,12796,16376,2550,11251,226.35745910370227,24.43,43.7,46.6,100.41,40.8,115.86
1760673168.2962117,2025-10-17 11:52:48.296,54.51,0,44,14390,16376,2550,11251,51.42,19,44,12786,16376,2550,11251,61.58,15,43,12786,16376,2550,11251,55.68,17,40,12796,16376,2550,11251,223.09778777091717,23.92,43.65,46.5,100.41,40.8,115.86
1760673168.732018,2025-10-17 11:52:48.732,53.06,0,44,14390,16376,2550,11251,49.01,0,44,12786,16376,2550,11251,61.6,0,43,12786,16376,2550,11251,53.15,0,40,12796,16376,2550,11251,215.3165680779772,22.87,43.65,46.5,100.41,40.8,115.86
1760673169.1468852,2025-10-17 11:52:49.146,54.51,0,44,14390,16376,2550,11251,51.34,0,44,12786,16376,2550,11251,61.6,0,43,12786,16376,2550,11251,55.59,0,40,12796,16376,2550,11251,223.21006495546322,23.42,43.65,46.5,115.89,40.8,148.12
1760673169.580747,2025-10-17 11:52:49.580,54.42,19,44,14390,16376,2550,11251,51.34,0,45,12786,16376,2550,11251,61.61,17,43,12786,16376,2550,11251,55.61,20,42,12796,16376,2550,11251,222.72212372191368,24.63,43.65,46.5,115.89,40.8,148.12
1760673169.972848,2025-10-17 11:52:49.972,54.39,0,44,14390,16376,2550,11251,51.35,0,44,12786,16376,2550,11251,61.62,0,43,12786,16376,2550,11251,55.65,0,40,12796,16376,2550,11251,181.24189163813293,19.76,43.65,46.5,108.19,40.8,87.12
1760673170.3267689,2025-10-17 11:52:50.326,54.44,0,44,14390,16376,2550,11251,51.37,0,44,12786,16376,2550,11251,61.62,0,43,12786,16376,2550,11251,55.63,0,40,12796,16376,2550,11251,224.49099916292113,23.31,43.65,46.5,108.19,40.8,87.12
1760673170.7569246,2025-10-17 11:52:50.756,54.46,19,45,14390,16376,2550,11251,51.36,7,45,12786,16376,2550,11251,60.71,17,43,12786,16376,2550,11251,55.62,20,40,12796,16376,2550,11251,217.9515459474349,23.68,43.7,46.6,108.19,40.8,87.12
1760673171.1904054,2025-10-17 11:52:51.190,51.99,0,44,14390,16376,2550,11251,49.02,0,44,12786,16376,2550,11251,59.05,0,43,12786,16376,2550,11251,53.12,0,40,12796,16376,2550,11251,221.86130135386642,24.2,43.7,46.6,119.38,40.8,188.87
1760673171.634884,2025-10-17 11:52:51.634,54.49,0,44,14390,16376,2550,11251,51.37,0,44,12786,16376,2550,11251,61.58,0,43,12786,16376,2550,11251,55.69,0,40,12796,16376,2550,11251,224.65408827638146,23.75,43.75,46.6,119.38,40.9,188.87
1760673172.0322328,2025-10-17 11:52:52.032,54.56,0,44,14390,16376,2550,11251,51.39,13,44,12786,16376,2550,11251,61.59,2,43,12786,16376,2550,11251,55.67,20,40,12796,16376,2550,11251,228.961221354336,24.12,43.75,46.6,109.15,40.9,44.46
1760673172.4337165,2025-10-17 11:52:52.433,53.87,0,46,14390,16376,2550,11251,51.39,0,44,12786,16376,2550,11251,61.61,0,43,12786,16376,2550,11251,53.28,0,40,12796,16376,2550,11251,226.98273673477524,23.75,43.75,46.6,109.15,40.9,44.46
1760673172.8496044,2025-10-17 11:52:52.849,54.63,0,44,14390,16376,2550,11251,51.4,0,44,12786,16376,2550,11251,61.58,0,43,12786,16376,2550,11251,55.59,0,40,12796,16376,2550,11251,205.62782422736578,21.71,43.75,46.6,96.72,40.9,58.11
1760673173.2218194,2025-10-17 11:52:53.221,54.6,0,45,14390,16376,2550,11251,51.36,0,44,12786,16376,2550,11251,61.58,0,43,12786,16376,2550,11251,55.59,20,40,12796,16376,2550,11251,216.8968461151842,22.89,43.75,46.5,96.72,41.0,58.11
1760673173.6127777,2025-10-17 11:52:53.612,52.13,0,44,14390,16376,2550,11251,49.0,0,44,12786,16376,2550,11251,59.02,0,43,12786,16376,2550,11251,55.52,0,40,12796,16376,2550,11251,198.26345981000514,22.25,43.75,46.5,68.71,41.0,84.02
1760673173.987138,2025-10-17 11:52:53.987,54.64,0,44,14390,16376,2550,11251,51.36,0,44,12786,16376,2550,11251,61.55,0,43,12786,16376,2550,11251,55.4,0,40,12796,16376,2550,11251,226.0082070263203,25.16,43.75,46.5,68.71,41.0,84.02
1760673174.4205945,2025-10-17 11:52:54.420,54.62,19,45,14390,16376,2550,11251,51.39,19,45,12786,16376,2550,11251,61.55,20,43,12786,16376,2550,11251,52.86,0,41,12796,16376,2550,11251,225.33938413104056,25.11,43.75,46.5,68.71,41.0,84.02
1760673174.834881,2025-10-17 11:52:54.834,52.11,0,44,14390,16376,2550,11251,51.39,0,44,12786,16376,2550,11251,61.59,0,43,12786,16376,2550,11251,53.07,0,40,12796,16376,2550,11251,193.40397965642282,21.17,43.75,46.5,106.95,41.0,198.95
1760673175.2579541,2025-10-17 11:52:55.258,54.49,0,44,14390,16376,2550,11251,51.43,0,44,12786,16376,2550,11251,61.62,0,43,12786,16376,2550,11251,55.64,0,40,12796,16376,2550,11251,226.08263391802927,24.02,43.75,46.5,106.95,41.0,198.95
1760673175.6941752,2025-10-17 11:52:55.694,54.46,3,45,14390,16376,2550,11251,51.44,19,45,12786,16376,2550,11251,61.64,17,44,12786,16376,2550,11251,55.64,17,40,12796,16376,2550,11251,222.97708473552265,24.14,43.75,46.5,91.59,41.0,110.99
1760673176.1227272,2025-10-17 11:52:56.122,52.06,0,44,14390,16376,2550,11251,51.43,0,44,12786,16376,2550,11251,61.37,0,43,12786,16376,2550,11251,53.02,0,40,12796,16376,2550,11251,203.42847701989024,22.38,43.75,46.5,91.59,41.0,110.99
1760673176.5106149,2025-10-17 11:52:56.510,54.62,0,44,14390,16376,2550,11251,51.42,0,44,12786,16376,2550,11251,61.61,0,43,12786,16376,2550,11251,55.46,0,40,12796,16376,2550,11251,223.46697665230704,23.53,43.75,46.5,91.59,41.0,110.99
1760673176.8908446,2025-10-17 11:52:56.890,54.62,19,46,14390,16376,2550,11251,51.43,19,45,12786,16376,2550,11251,61.59,17,43,12786,16376,2550,11251,52.95,0,41,12796,16376,2550,11251,225.2150004586502,24.11,43.75,46.5,121.6,41.0,110.07
1760673177.3386204,2025-10-17 11:52:57.338,54.55,0,44,14390,16376,2550,11251,51.43,0,44,12786,16376,2550,11251,61.6,0,43,12786,16376,2550,11251,54.64,0,40,12796,16376,2550,11251,201.37714013039803,21.47,43.75,46.5,121.6,41.0,110.07
1760673177.7455227,2025-10-17 11:52:57.745,54.55,0,44,14390,16376,2550,11251,51.43,0,44,12786,16376,2550,11251,61.61,0,43,12786,16376,2550,11251,55.75,0,40,12796,16376,2550,11251,229.7555471311855,24.5,43.75,46.5,96.71,41.0,74.5
1760673178.1821396,2025-10-17 11:52:58.182,54.56,0,45,14390,16376,2550,11251,51.4,9,45,12786,16376,2550,11251,61.6,1,43,12786,16376,2550,11251,55.7,20,40,12796,16376,2550,11251,219.8542580388132,23.0,43.75,46.5,96.71,41.0,74.5
1760673178.6495378,2025-10-17 11:52:58.649,52.15,0,44,14390,16376,2550,11251,48.99,0,44,12786,16376,2550,11251,59.04,0,43,12786,16376,2550,11251,53.22,0,40,12796,16376,2550,11251,226.786388425781,25.37,43.75,46.5,96.71,41.0,74.5
1760673179.0719514,2025-10-17 11:52:59.071,54.64,0,44,14390,16376,2550,11251,51.32,0,44,12786,16376,2550,11251,61.54,0,43,12786,16376,2550,11251,55.76,0,40,12796,16376,2550,11251,194.25340459246735,21.58,43.75,46.5,123.23,41.0,117.9
1760673179.5800192,2025-10-17 11:52:59.580,54.53,0,45,14390,16376,2550,11251,51.36,0,45,12786,16376,2550,11251,61.56,0,43,12786,16376,2550,11251,55.65,0,40,12796,16376,2550,11251,222.75612461048206,23.35,43.75,46.5,123.23,41.0,117.9
1760673180.0022953,2025-10-17 11:53:00.002,54.53,19,45,14390,16376,2550,11251,51.37,19,45,12786,16376,2550,11251,61.56,20,43,12786,16376,2550,11251,55.78,14,41,12796,16376,2550,11251,219.41924092921136,23.52,43.75,46.5,108.47,41.0,36.53
1760673180.47913,2025-10-17 11:53:00.479,52.12,0,46,14390,16376,2550,11251,49.01,0,44,12786,16376,2550,11251,59.03,0,43,12786,16376,2550,11251,53.49,0,40,12796,16376,2550,11251,223.97302651412625,24.49,43.75,46.5,108.47,41.0,36.53
1760673180.99871,2025-10-17 11:53:00.998,54.65,0,45,14390,16376,2550,11251,51.34,0,44,12786,16376,2550,11251,61.57,0,43,12786,16376,2550,11251,55.96,0,40,12796,16376,2550,11251,202.03431826131506,22.7,43.75,46.5,107.03,41.0,93.07
1760673181.4595165,2025-10-17 11:53:01.459,54.68,0,45,14390,16376,2550,11251,51.34,0,45,12786,16376,2550,11251,61.56,0,43,12786,16376,2550,11251,55.9,0,40,12796,16376,2550,11251,227.1972778841435,25.48,43.75,46.5,107.03,41.0,93.07
1760673181.8911862,2025-10-17 11:53:01.891,54.6,5,45,14390,16376,2550,11251,51.32,19,45,12786,16376,2550,11251,61.56,17,43,12786,16376,2550,11251,56.08,0,41,12796,16376,2550,11251,223.63336573702094,25.76,43.75,46.5,80.72,41.0,88.92
1760673182.4282246,2025-10-17 11:53:02.428,54.5,19,47,14390,16376,2550,11251,51.31,19,45,12786,16376,2550,11251,61.58,17,43,12786,16376,2550,11251,53.64,0,41,12796,16376,2550,11251,222.89473110280647,24.14,43.75,46.5,80.72,41.0,88.92
1760673182.9486322,2025-10-17 11:53:02.948,52.01,0,45,14390,16376,2550,11251,48.97,0,45,12786,16376,2550,11251,59.06,0,43,12786,16376,2550,11251,53.49,0,40,12796,16376,2550,11251,202.07289900625923,21.58,43.75,46.5,104.37,41.0,143.54
1760673183.3728151,2025-10-17 11:53:03.372,54.51,0,45,14390,16376,2550,11251,51.34,0,45,12786,16376,2550,11251,61.62,0,43,12786,16376,2550,11251,55.85,0,40,12796,16376,2550,11251,199.27341325635595,20.55,43.75,46.5,104.37,41.0,143.54
1760673183.8974016,2025-10-17 11:53:03.897,54.51,0,45,14390,16376,2550,11251,51.35,0,45,12786,16376,2550,11251,61.64,0,43,12786,16376,2550,11251,55.82,0,40,12796,16376,2550,11251,227.41198365015168,24.79,43.75,46.5,116.21,41.0,87.96
1760673184.3504162,2025-10-17 11:53:04.350,54.54,3,45,14390,16376,2550,11251,51.35,19,45,12786,16376,2550,11251,61.64,20,43,12786,16376,2550,11251,55.89,0,41,12796,16376,2550,11251,225.86639980467095,23.63,43.75,46.5,116.21,41.0,87.96
1760673184.9009511,2025-10-17 11:53:04.900,54.39,19,45,14390,16376,2550,11251,49.0,0,46,12786,16376,2550,11251,59.07,1,44,12786,16376,2550,11251,55.8,20,40,12796,16376,2550,11251,224.37700465399118,23.52,43.75,46.5,105.5,41.0,69.45
1760673185.3503664,2025-10-17 11:53:05.350,52.83,0,45,14390,16376,2550,11251,51.34,0,45,12786,16376,2550,11251,61.59,0,43,12786,16376,2550,11251,55.76,0,40,12796,16376,2550,11251,200.3120603372006,21.23,43.75,46.5,105.5,41.0,69.45
1760673185.802853,2025-10-17 11:53:05.802,54.41,0,45,14390,16376,2550,11251,51.3,0,45,12786,16376,2550,11251,61.54,0,43,12786,16376,2550,11251,55.77,0,40,12796,16376,2550,11251,232.07844558800502,25.07,43.75,46.5,105.5,41.0,69.45
1760673186.2359183,2025-10-17 11:53:06.235,54.41,19,45,14390,16376,2550,11251,51.28,19,45,12786,16376,2550,11251,61.53,20,44,12786,16376,2550,11251,53.26,0,42,12796,16376,2550,11251,228.85845844416383,24.77,43.8,46.6,118.53,41.0,50.88
1760673186.6326263,2025-10-17 11:53:06.632,53.86,0,45,14390,16376,2550,11251,51.31,0,45,12786,16376,2550,11251,61.54,0,43,12786,16376,2550,11251,55.88,0,40,12796,16376,2550,11251,202.3822361808852,21.34,43.8,46.6,118.53,41.0,50.88
1760673187.0235488,2025-10-17 11:53:07.023,54.51,0,45,14390,16376,2550,11251,51.35,0,45,12786,16376,2550,11251,61.54,0,43,12786,16376,2550,11251,56.02,0,40,12796,16376,2550,11251,222.91985024860966,23.72,43.8,46.6,125.39,41.0,134.7
1760673187.4404836,2025-10-17 11:53:07.440,54.53,19,45,14390,16376,2550,11251,49.69,8,45,12786,16376,2550,11251,60.25,13,44,12786,16376,2550,11251,56.02,0,40,12796,16376,2550,11251,221.13220126446163,23.15,43.8,46.6,125.39,41.0,134.7
1760673187.8270226,2025-10-17 11:53:07.827,54.52,0,45,14390,16376,2550,11251,51.38,0,45,12786,16376,2550,11251,61.56,0,43,12786,16376,2550,11251,55.96,0,40,12796,16376,2550,11251,197.91351723004908,20.53,43.8,46.6,125.39,41.0,134.7
1760673188.2216194,2025-10-17 11:53:08.221,54.52,0,45,14390,16376,2550,11251,51.35,0,45,12786,16376,2550,11251,61.57,0,43,12786,16376,2550,11251,55.83,0,40,12796,16376,2550,11251,223.6974692175266,23.86,43.8,46.6,84.79,41.0,80.72
1760673188.6596284,2025-10-17 11:53:08.659,54.53,19,45,14390,16376,2550,11251,51.32,19,45,12786,16376,2550,11251,59.04,0,43,12786,16376,2550,11251,53.27,0,42,12796,16376,2550,11251,224.21622086539998,24.15,43.8,46.6,84.79,41.0,80.72
1760673189.0669749,2025-10-17 11:53:09.066,54.55,0,45,14390,16376,2550,11251,51.34,0,45,12786,16376,2550,11251,61.59,0,43,12786,16376,2550,11251,55.98,0,40,12796,16376,2550,11251,206.12274195876358,21.29,43.8,46.6,140.85,41.0,113.4
1760673189.4700649,2025-10-17 11:53:09.470,54.51,0,45,14390,16376,2550,11251,51.32,0,45,12786,16376,2550,11251,61.58,10,44,12786,16376,2550,11251,56.03,0,40,12796,16376,2550,11251,225.21329083112676,24.97,43.8,46.6,140.85,41.0,113.4
1760673189.9170954,2025-10-17 11:53:09.917,51.92,0,46,14390,16376,2550,11251,48.96,0,46,12786,16376,2550,11251,59.01,0,45,12786,16376,2550,11251,54.53,10,40,12796,16376,2550,11251,223.6760699413479,23.93,43.9,46.8,118.41,41.0,257.76
1760673190.3561356,2025-10-17 11:53:10.356,51.88,0,45,14390,16376,2550,11251,51.33,0,45,12786,16376,2550,11251,61.56,0,43,12786,16376,2550,11251,56.13,0,40,12796,16376,2550,11251,199.75137399094055,20.61,43.9,46.8,118.41,41.0,257.76
1760673190.764536,2025-10-17 11:53:10.764,54.35,0,45,14390,16376,2550,11251,51.36,0,45,12786,16376,2550,11251,61.56,0,44,12786,16376,2550,11251,56.15,0,40,12796,16376,2550,11251,217.66596772612155,21.35,0.0,0.0,118.41,0.0,257.76
