timestamp,datetime,gpu_0_power,gpu_0_utilization,gpu_0_temperature,gpu_0_memory_used,gpu_0_memory_total,gpu_0_graphics_clock,gpu_0_memory_clock,gpu_1_power,gpu_1_utilization,gpu_1_temperature,gpu_1_memory_used,gpu_1_memory_total,gpu_1_graphics_clock,gpu_1_memory_clock,gpu_2_power,gpu_2_utilization,gpu_2_temperature,gpu_2_memory_used,gpu_2_memory_total,gpu_2_graphics_clock,gpu_2_memory_clock,gpu_3_power,gpu_3_utilization,gpu_3_temperature,gpu_3_memory_used,gpu_3_memory_total,gpu_3_graphics_clock,gpu_3_memory_clock
1759808180.539742,2025-10-07 11:36:20.539,55.71,15,44,14994,16376,0,0,50.85,0,43,13562,16376,0,0,61.84,0,43,14556,16376,0,0,54.1,0,38,13562,16376,0,0
1759808180.773325,2025-10-07 11:36:20.773,54.31,0,44,14994,16376,0,0,50.92,0,43,13562,16376,0,0,61.85,0,43,14556,16376,0,0,56.06,0,39,13562,16376,0,0
1759808180.9880426,2025-10-07 11:36:20.988,54.25,0,45,14994,16376,0,0,51.04,4,43,13562,16376,0,0,61.87,0,45,14556,16376,0,0,54.15,0,38,13562,16376,0,0
1759808181.2288888,2025-10-07 11:36:21.228,54.27,0,45,14994,16376,0,0,53.23,0,43,13562,16376,0,0,64.56,0,43,14556,16376,0,0,56.65,0,39,13562,16376,0,0
1759808181.4371266,2025-10-07 11:36:21.437,56.86,18,44,14994,16376,0,0,50.97,0,43,13562,16376,0,0,61.92,0,43,14556,16376,0,0,54.26,0,38,13562,16376,0,0
1759808181.6513665,2025-10-07 11:36:21.651,55.43,0,45,14994,16376,0,0,53.28,0,43,13562,16376,0,0,64.61,0,43,14556,16376,0,0,56.69,0,39,13562,16376,0,0
1759808181.8621452,2025-10-07 11:36:21.862,54.33,0,47,14994,16376,0,0,50.98,0,43,13562,16376,0,0,61.97,0,43,14556,16376,0,0,54.28,0,39,13562,16376,0,0
1759808182.076459,2025-10-07 11:36:22.076,56.91,0,45,14994,16376,0,0,53.16,0,43,13562,16376,0,0,64.64,0,44,14556,16376,0,0,56.71,0,39,13562,16376,0,0
1759808182.278511,2025-10-07 11:36:22.278,54.32,0,44,14994,16376,0,0,50.98,0,43,13562,16376,0,0,61.99,0,43,14556,16376,0,0,54.27,0,39,13562,16376,0,0
1759808182.4679332,2025-10-07 11:36:22.467,56.95,0,45,14994,16376,0,0,53.25,19,43,13562,16376,0,0,64.65,0,44,14556,16376,0,0,56.7,3,39,13562,16376,0,0
1759808182.6779625,2025-10-07 11:36:22.677,54.38,0,44,14994,16376,0,0,50.97,0,43,13562,16376,0,0,61.98,0,43,14556,16376,0,0,54.3,0,39,13562,16376,0,0
1759808182.877539,2025-10-07 11:36:22.877,56.98,18,45,14994,16376,0,0,53.25,19,43,13562,16376,0,0,64.65,17,44,14556,16376,0,0,56.77,19,39,13562,16376,0,0
1759808183.0702822,2025-10-07 11:36:23.070,54.38,0,45,14994,16376,0,0,51.37,0,43,13562,16376,0,0,61.99,0,43,14556,16376,0,0,54.39,0,39,13562,16376,0,0
1759808183.2672584,2025-10-07 11:36:23.267,56.97,18,44,14994,16376,0,0,50.97,0,44,13562,16376,0,0,62.0,0,43,14556,16376,0,0,56.75,19,39,13562,16376,0,0
1759808183.4625738,2025-10-07 11:36:23.462,54.4,0,45,14994,16376,0,0,53.26,0,43,13562,16376,0,0,61.99,0,44,14556,16376,0,0,56.18,0,39,13562,16376,0,0
1759808183.666037,2025-10-07 11:36:23.666,54.64,11,45,14994,16376,0,0,50.99,0,43,13562,16376,0,0,63.39,13,43,14556,16376,0,0,54.35,0,39,13562,16376,0,0
1759808183.8811314,2025-10-07 11:36:23.881,56.92,0,45,14994,16376,0,0,50.99,0,43,13562,16376,0,0,64.65,0,44,14556,16376,0,0,56.74,0,39,13562,16376,0,0
1759808184.0880444,2025-10-07 11:36:24.088,54.38,0,45,14994,16376,0,0,50.97,5,43,13562,16376,0,0,61.98,0,43,14556,16376,0,0,54.26,0,39,13562,16376,0,0
1759808184.3087993,2025-10-07 11:36:24.308,57.04,0,45,14994,16376,0,0,53.25,0,43,13562,16376,0,0,64.63,0,44,14556,16376,0,0,56.64,0,39,13562,16376,0,0
1759808184.5103166,2025-10-07 11:36:24.510,54.47,0,45,14994,16376,0,0,50.92,0,43,13562,16376,0,0,61.96,0,43,14556,16376,0,0,54.18,0,39,13562,16376,0,0
1759808184.7193518,2025-10-07 11:36:24.719,57.05,3,45,14994,16376,0,0,53.22,0,43,13562,16376,0,0,64.63,0,44,14556,16376,0,0,56.58,19,39,13562,16376,0,0
1759808184.9169323,2025-10-07 11:36:24.916,54.51,0,45,14994,16376,0,0,50.92,0,43,13562,16376,0,0,61.96,0,43,14556,16376,0,0,54.19,0,39,13562,16376,0,0
1759808185.1232882,2025-10-07 11:36:25.123,57.06,0,45,14994,16376,0,0,53.19,5,43,13562,16376,0,0,64.63,19,44,14556,16376,0,0,56.61,19,39,13562,16376,0,0
1759808185.3289332,2025-10-07 11:36:25.328,54.38,0,45,14994,16376,0,0,50.93,0,43,13562,16376,0,0,61.98,0,43,14556,16376,0,0,54.21,0,39,13562,16376,0,0
1759808185.5386455,2025-10-07 11:36:25.538,57.0,0,45,14994,16376,0,0,53.24,17,43,13562,16376,0,0,64.64,19,44,14556,16376,0,0,54.47,5,39,13562,16376,0,0
1759808185.734999,2025-10-07 11:36:25.735,54.33,0,45,14994,16376,0,0,51.01,0,43,13562,16376,0,0,61.97,0,43,14556,16376,0,0,56.66,0,39,13562,16376,0,0
1759808185.926168,2025-10-07 11:36:25.926,56.94,20,45,14994,16376,0,0,51.01,0,44,13562,16376,0,0,61.98,0,44,14556,16376,0,0,54.23,0,39,13562,16376,0,0
1759808186.1369023,2025-10-07 11:36:26.136,54.31,0,45,14994,16376,0,0,52.06,0,43,13562,16376,0,0,64.65,0,44,14556,16376,0,0,54.22,0,39,13562,16376,0,0
1759808186.3494318,2025-10-07 11:36:26.349,55.55,13,45,14994,16376,0,0,51.07,0,43,13562,16376,0,0,61.97,0,43,14556,16376,0,0,54.21,0,39,13562,16376,0,0
1759808186.5608184,2025-10-07 11:36:26.560,54.18,0,45,14994,16376,0,0,53.39,0,43,13562,16376,0,0,64.64,0,44,14556,16376,0,0,56.33,0,39,13562,16376,0,0
1759808186.7673554,2025-10-07 11:36:26.767,54.23,0,46,14994,16376,0,0,51.44,6,43,13562,16376,0,0,61.99,0,44,14556,16376,0,0,54.13,0,39,13562,16376,0,0
1759808186.9852195,2025-10-07 11:36:26.985,56.76,0,45,14994,16376,0,0,53.35,0,43,13562,16376,0,0,64.63,0,44,14556,16376,0,0,56.52,0,39,13562,16376,0,0
1759808187.2016094,2025-10-07 11:36:27.201,54.24,0,45,14994,16376,0,0,51.05,0,43,13562,16376,0,0,61.97,0,43,14556,16376,0,0,54.08,0,39,13562,16376,0,0
1759808187.414972,2025-10-07 11:36:27.414,56.83,0,45,14994,16376,0,0,53.33,0,43,13562,16376,0,0,64.65,0,44,14556,16376,0,0,56.49,17,39,13562,16376,0,0
1759808187.619166,2025-10-07 11:36:27.619,54.25,0,45,14994,16376,0,0,51.03,0,43,13562,16376,0,0,61.99,0,44,14556,16376,0,0,54.05,0,39,13562,16376,0,0
1759808187.8238354,2025-10-07 11:36:27.823,56.92,0,45,14994,16376,0,0,53.29,0,43,13562,16376,0,0,64.64,19,44,14556,16376,0,0,56.44,17,39,13562,16376,0,0
1759808188.0299897,2025-10-07 11:36:28.029,54.32,0,45,14994,16376,0,0,51.05,0,43,13562,16376,0,0,61.99,0,44,14556,16376,0,0,54.04,0,39,13562,16376,0,0
1759808188.235356,2025-10-07 11:36:28.235,56.95,0,45,14994,16376,0,0,53.33,19,43,13562,16376,0,0,64.65,19,44,14556,16376,0,0,54.02,9,39,13562,16376,0,0
1759808188.438734,2025-10-07 11:36:28.438,54.41,0,45,14994,16376,0,0,51.04,0,43,13562,16376,0,0,61.99,0,44,14556,16376,0,0,54.04,0,39,13562,16376,0,0
1759808188.6430292,2025-10-07 11:36:28.643,57.0,18,45,14994,16376,0,0,51.02,0,44,13562,16376,0,0,61.99,0,44,14556,16376,0,0,56.49,0,39,13562,16376,0,0
1759808188.852286,2025-10-07 11:36:28.852,54.38,0,45,14994,16376,0,0,51.32,0,43,13562,16376,0,0,64.65,0,44,14556,16376,0,0,54.08,0,39,13562,16376,0,0
1759808189.0589433,2025-10-07 11:36:29.058,54.74,12,45,14994,16376,0,0,50.99,0,43,13562,16376,0,0,61.99,0,44,14556,16376,0,0,54.06,0,39,13562,16376,0,0
1759808189.2502313,2025-10-07 11:36:29.250,54.38,0,45,14994,16376,0,0,53.27,0,43,13562,16376,0,0,64.66,5,44,14556,16376,0,0,56.48,0,39,13562,16376,0,0
1759808189.462403,2025-10-07 11:36:29.462,54.33,0,45,14994,16376,0,0,50.99,0,43,13562,16376,0,0,61.99,0,44,14556,16376,0,0,54.09,0,39,13562,16376,0,0
1759808189.6638339,2025-10-07 11:36:29.663,56.94,0,45,14994,16376,0,0,53.34,14,43,13562,16376,0,0,64.65,0,44,14556,16376,0,0,56.56,0,39,13562,16376,0,0
1759808189.8845787,2025-10-07 11:36:29.884,54.35,0,45,14994,16376,0,0,51.07,0,43,13562,16376,0,0,61.97,0,44,14556,16376,0,0,54.15,0,39,13562,16376,0,0
1759808190.0880625,2025-10-07 11:36:30.088,56.99,18,45,14994,16376,0,0,53.37,0,44,13562,16376,0,0,64.64,19,44,14556,16376,0,0,56.61,19,39,13562,16376,0,0
1759808190.2952952,2025-10-07 11:36:30.295,54.43,0,45,14994,16376,0,0,51.11,0,43,13562,16376,0,0,61.97,0,44,14556,16376,0,0,54.21,0,39,13562,16376,0,0
1759808190.503885,2025-10-07 11:36:30.503,57.05,18,45,14994,16376,0,0,53.37,17,45,13562,16376,0,0,64.63,19,44,14556,16376,0,0,56.16,18,39,13562,16376,0,0
1759808190.7060435,2025-10-07 11:36:30.706,54.49,0,45,14994,16376,0,0,51.06,0,43,13562,16376,0,0,61.97,0,44,14556,16376,0,0,54.19,0,39,13562,16376,0,0
1759808190.913107,2025-10-07 11:36:30.913,54.46,6,46,14994,16376,0,0,53.33,17,43,13562,16376,0,0,62.59,7,44,14556,16376,0,0,54.17,0,41,13562,16376,0,0
1759808191.1060882,2025-10-07 11:36:31.106,57.01,0,45,14994,16376,0,0,51.05,0,43,13562,16376,0,0,64.68,0,44,14556,16376,0,0,56.62,0,39,13562,16376,0,0
1759808191.3107007,2025-10-07 11:36:31.310,54.37,0,45,14994,16376,0,0,51.05,0,44,13562,16376,0,0,62.01,0,44,14556,16376,0,0,54.17,0,39,13562,16376,0,0
1759808191.5363603,2025-10-07 11:36:31.536,54.26,0,45,14994,16376,0,0,53.34,0,43,13562,16376,0,0,64.69,0,44,14556,16376,0,0,56.6,0,39,13562,16376,0,0
1759808191.7380466,2025-10-07 11:36:31.738,54.15,2,45,14994,16376,0,0,51.08,0,43,13562,16376,0,0,62.01,0,44,14556,16376,0,0,54.17,0,39,13562,16376,0,0
1759808191.9367182,2025-10-07 11:36:31.936,56.82,0,45,14994,16376,0,0,53.39,0,43,13562,16376,0,0,64.67,9,44,14556,16376,0,0,56.6,19,39,13562,16376,0,0
1759808192.135976,2025-10-07 11:36:32.135,54.24,0,45,14994,16376,0,0,51.1,0,43,13562,16376,0,0,61.99,0,44,14556,16376,0,0,54.17,0,39,13562,16376,0,0
1759808192.331808,2025-10-07 11:36:32.331,56.87,0,45,14994,16376,0,0,53.38,17,43,13562,16376,0,0,64.63,19,44,14556,16376,0,0,56.6,19,39,13562,16376,0,0
1759808192.5316222,2025-10-07 11:36:32.531,54.27,0,45,14994,16376,0,0,51.09,0,43,13562,16376,0,0,61.95,0,44,14556,16376,0,0,54.33,0,39,13562,16376,0,0
1759808192.7265587,2025-10-07 11:36:32.726,57.0,11,46,14994,16376,0,0,53.36,17,44,13562,16376,0,0,63.37,13,44,14556,16376,0,0,54.24,0,41,13562,16376,0,0
1759808192.9262862,2025-10-07 11:36:32.926,54.36,0,45,14994,16376,0,0,51.08,0,43,13562,16376,0,0,63.64,0,44,14556,16376,0,0,56.69,0,39,13562,16376,0,0
1759808193.1247578,2025-10-07 11:36:33.124,57.01,20,45,14994,16376,0,0,51.08,0,45,13562,16376,0,0,61.94,0,44,14556,16376,0,0,54.9,0,39,13562,16376,0,0
1759808193.3492806,2025-10-07 11:36:33.349,54.44,0,45,14994,16376,0,0,53.38,0,43,13562,16376,0,0,64.58,0,44,14556,16376,0,0,54.19,0,39,13562,16376,0,0
1759808193.554508,2025-10-07 11:36:33.554,54.46,0,45,14994,16376,0,0,51.1,0,43,13562,16376,0,0,61.89,0,44,14556,16376,0,0,54.14,0,39,13562,16376,0,0
1759808193.7634096,2025-10-07 11:36:33.763,56.69,0,45,14994,16376,0,0,51.09,0,43,13562,16376,0,0,63.13,0,44,14556,16376,0,0,56.54,0,39,13562,16376,0,0
1759808193.9791844,2025-10-07 11:36:33.979,54.43,0,45,14994,16376,0,0,51.1,0,43,13562,16376,0,0,61.91,0,44,14556,16376,0,0,54.12,0,39,13562,16376,0,0
1759808194.1845143,2025-10-07 11:36:34.184,57.0,0,45,14994,16376,0,0,53.39,17,43,13562,16376,0,0,64.58,0,44,14556,16376,0,0,56.53,3,39,13562,16376,0,0
1759808194.3776073,2025-10-07 11:36:34.377,54.42,0,45,14994,16376,0,0,51.11,0,43,13562,16376,0,0,61.95,0,44,14556,16376,0,0,54.2,0,39,13562,16376,0,0
1759808194.5687923,2025-10-07 11:36:34.568,57.0,20,47,14994,16376,0,0,52.14,16,44,13562,16376,0,0,64.65,0,46,14556,16376,0,0,56.67,17,39,13562,16376,0,0
1759808194.759801,2025-10-07 11:36:34.759,54.37,0,45,14994,16376,0,0,51.1,0,43,13562,16376,0,0,62.01,0,44,14556,16376,0,0,54.26,0,39,13562,16376,0,0
1759808194.9716547,2025-10-07 11:36:34.971,56.93,20,45,14994,16376,0,0,51.09,0,45,13562,16376,0,0,64.68,19,44,14556,16376,0,0,54.28,9,39,13562,16376,0,0
1759808195.1803527,2025-10-07 11:36:35.180,54.38,0,45,14994,16376,0,0,51.08,0,43,13562,16376,0,0,62.02,0,44,14556,16376,0,0,55.09,0,39,13562,16376,0,0
1759808195.383363,2025-10-07 11:36:35.383,54.33,0,46,14994,16376,0,0,53.36,19,43,13562,16376,0,0,62.02,0,44,14556,16376,0,0,54.24,0,39,13562,16376,0,0
1759808195.5965283,2025-10-07 11:36:35.596,56.98,0,45,14994,16376,0,0,52.33,0,43,13562,16376,0,0,64.7,0,44,14556,16376,0,0,56.68,0,39,13562,16376,0,0
1759808195.8028734,2025-10-07 11:36:35.802,54.38,0,45,14994,16376,0,0,51.08,0,43,13562,16376,0,0,62.03,0,44,14556,16376,0,0,54.26,0,39,13562,16376,0,0
1759808196.0220716,2025-10-07 11:36:36.022,54.38,0,45,14994,16376,0,0,53.4,0,43,13562,16376,0,0,64.7,0,44,14556,16376,0,0,56.69,0,39,13562,16376,0,0
1759808196.2304063,2025-10-07 11:36:36.230,54.4,6,45,14994,16376,0,0,51.11,0,43,13562,16376,0,0,62.01,0,44,14556,16376,0,0,54.31,0,39,13562,16376,0,0
1759808196.451702,2025-10-07 11:36:36.451,57.02,0,45,14994,16376,0,0,53.41,0,43,13562,16376,0,0,64.67,11,44,14556,16376,0,0,56.76,0,39,13562,16376,0,0
1759808196.6408114,2025-10-07 11:36:36.640,54.43,0,45,14994,16376,0,0,51.12,0,43,13562,16376,0,0,62.0,0,44,14556,16376,0,0,54.33,0,39,13562,16376,0,0
1759808196.825259,2025-10-07 11:36:36.825,57.07,20,45,14994,16376,0,0,53.39,19,44,13562,16376,0,0,64.67,19,44,14556,16376,0,0,54.48,10,40,13562,16376,0,0
1759808197.0321448,2025-10-07 11:36:37.032,54.5,0,45,14994,16376,0,0,51.09,0,43,13562,16376,0,0,61.99,0,44,14556,16376,0,0,54.39,0,39,13562,16376,0,0
1759808197.2397037,2025-10-07 11:36:37.239,57.05,18,46,14994,16376,0,0,53.34,19,44,13562,16376,0,0,61.97,0,45,14556,16376,0,0,56.84,19,39,13562,16376,0,0
1759808197.439958,2025-10-07 11:36:37.439,54.42,0,45,14994,16376,0,0,51.03,0,43,13562,16376,0,0,63.97,0,44,14556,16376,0,0,56.87,0,39,13562,16376,0,0
1759808197.6398933,2025-10-07 11:36:37.639,57.02,18,45,14994,16376,0,0,51.02,0,45,13562,16376,0,0,61.97,0,44,14556,16376,0,0,56.81,19,39,13562,16376,0,0
1759808197.8480866,2025-10-07 11:36:37.848,54.39,0,45,14994,16376,0,0,53.31,0,43,13562,16376,0,0,64.63,0,44,14556,16376,0,0,56.8,0,39,13562,16376,0,0
1759808198.0283134,2025-10-07 11:36:38.028,54.66,11,45,14994,16376,0,0,50.99,0,43,13562,16376,0,0,61.96,0,44,14556,16376,0,0,54.28,0,39,13562,16376,0,0
1759808198.2446926,2025-10-07 11:36:38.244,56.89,0,45,14994,16376,0,0,53.27,0,43,13562,16376,0,0,64.61,6,44,14556,16376,0,0,56.66,0,39,13562,16376,0,0
1759808198.4548793,2025-10-07 11:36:38.454,54.28,0,45,14994,16376,0,0,50.99,0,43,13562,16376,0,0,61.96,0,44,14556,16376,0,0,54.19,0,39,13562,16376,0,0
1759808198.6522417,2025-10-07 11:36:38.652,56.87,0,45,14994,16376,0,0,53.24,7,44,13562,16376,0,0,64.63,19,44,14556,16376,0,0,56.65,0,39,13562,16376,0,0
1759808198.848041,2025-10-07 11:36:38.848,54.28,0,45,14994,16376,0,0,51.02,0,43,13562,16376,0,0,61.98,0,44,14556,16376,0,0,54.25,0,39,13562,16376,0,0
1759808199.0573947,2025-10-07 11:36:39.057,56.85,0,45,14994,16376,0,0,53.32,19,44,13562,16376,0,0,64.63,19,44,14556,16376,0,0,54.3,4,40,13562,16376,0,0
1759808199.235857,2025-10-07 11:36:39.235,54.26,0,45,14994,16376,0,0,51.07,0,43,13562,16376,0,0,63.19,0,44,14556,16376,0,0,56.82,0,39,13562,16376,0,0
1759808199.424427,2025-10-07 11:36:39.424,56.84,0,47,14994,16376,0,0,53.37,19,44,13562,16376,0,0,61.99,0,45,14556,16376,0,0,54.43,0,39,13562,16376,0,0
1759808199.6180859,2025-10-07 11:36:39.618,56.86,0,45,14994,16376,0,0,53.24,0,44,13562,16376,0,0,64.66,0,44,14556,16376,0,0,56.87,0,39,13562,16376,0,0
1759808199.8100684,2025-10-07 11:36:39.810,54.15,0,45,14994,16376,0,0,51.1,0,46,13562,16376,0,0,61.97,0,44,14556,16376,0,0,55.77,14,39,13562,16376,0,0
1759808200.0452769,2025-10-07 11:36:40.045,54.2,0,45,14994,16376,0,0,53.41,0,43,13562,16376,0,0,64.64,0,44,14556,16376,0,0,56.78,0,39,13562,16376,0,0
1759808200.2419386,2025-10-07 11:36:40.241,54.19,0,45,14994,16376,0,0,51.13,0,43,13562,16376,0,0,61.98,0,44,14556,16376,0,0,54.35,0,39,13562,16376,0,0
1759808200.432371,2025-10-07 11:36:40.432,56.79,20,45,14994,16376,0,0,53.4,0,44,13562,16376,0,0,64.64,19,44,14556,16376,0,0,56.79,17,39,13562,16376,0,0
1759808200.6093814,2025-10-07 11:36:40.609,54.19,0,45,14994,16376,0,0,51.14,0,43,13562,16376,0,0,61.97,0,44,14556,16376,0,0,54.38,0,39,13562,16376,0,0
1759808200.8032825,2025-10-07 11:36:40.803,56.75,20,45,14994,16376,0,0,53.4,19,43,13562,16376,0,0,64.62,19,44,14556,16376,0,0,54.39,1,40,13562,16376,0,0
1759808201.0127223,2025-10-07 11:36:41.012,54.12,0,45,14994,16376,0,0,51.09,0,43,13562,16376,0,0,61.97,0,44,14556,16376,0,0,55.48,0,39,13562,16376,0,0
1759808201.2247705,2025-10-07 11:36:41.224,56.7,18,46,14994,16376,0,0,51.39,6,44,13562,16376,0,0,61.96,0,46,14556,16376,0,0,54.42,0,39,13562,16376,0,0
1759808201.4327807,2025-10-07 11:36:41.432,54.15,0,45,14994,16376,0,0,51.08,0,43,13562,16376,0,0,64.63,0,44,14556,16376,0,0,56.83,0,39,13562,16376,0,0
1759808201.6350813,2025-10-07 11:36:41.635,54.81,14,45,14994,16376,0,0,51.07,0,43,13562,16376,0,0,61.97,0,44,14556,16376,0,0,54.35,0,39,13562,16376,0,0
1759808201.8558824,2025-10-07 11:36:41.855,54.2,0,45,14994,16376,0,0,53.35,0,43,13562,16376,0,0,64.63,3,44,14556,16376,0,0,56.74,0,39,13562,16376,0,0
1759808202.0432904,2025-10-07 11:36:42.043,54.22,0,45,14994,16376,0,0,51.07,0,43,13562,16376,0,0,61.97,0,44,14556,16376,0,0,54.23,0,39,13562,16376,0,0
1759808202.2432299,2025-10-07 11:36:42.243,56.81,0,45,14994,16376,0,0,53.35,14,44,13562,16376,0,0,64.65,19,44,14556,16376,0,0,56.64,0,39,13562,16376,0,0
1759808202.4510887,2025-10-07 11:36:42.451,54.24,0,45,14994,16376,0,0,51.1,0,43,13562,16376,0,0,62.02,0,44,14556,16376,0,0,54.17,0,39,13562,16376,0,0
1759808202.6526098,2025-10-07 11:36:42.652,56.81,18,46,14994,16376,0,0,53.37,19,44,13562,16376,0,0,62.03,0,45,14556,16376,0,0,56.6,19,39,13562,16376,0,0
1759808202.8501709,2025-10-07 11:36:42.850,54.24,0,45,14994,16376,0,0,51.09,0,43,13562,16376,0,0,62.93,0,44,14556,16376,0,0,56.62,0,39,13562,16376,0,0
1759808203.0373273,2025-10-07 11:36:43.037,56.82,18,45,14994,16376,0,0,51.07,0,45,13562,16376,0,0,62.08,0,44,14556,16376,0,0,55.36,12,39,13562,16376,0,0
1759808203.2497027,2025-10-07 11:36:43.249,54.22,0,45,14994,16376,0,0,53.36,0,43,13562,16376,0,0,64.76,0,44,14556,16376,0,0,54.22,0,39,13562,16376,0,0
1759808203.450491,2025-10-07 11:36:43.450,54.19,0,45,14994,16376,0,0,51.04,0,43,13562,16376,0,0,62.08,0,44,14556,16376,0,0,54.22,0,39,13562,16376,0,0
1759808203.6591043,2025-10-07 11:36:43.659,56.83,0,45,14994,16376,0,0,53.35,0,44,13562,16376,0,0,64.73,0,44,14556,16376,0,0,56.65,0,39,13562,16376,0,0
1759808203.8716366,2025-10-07 11:36:43.871,54.31,0,45,14994,16376,0,0,51.07,0,43,13562,16376,0,0,62.06,0,44,14556,16376,0,0,54.21,0,39,13562,16376,0,0
1759808204.073752,2025-10-07 11:36:44.073,56.94,0,45,14994,16376,0,0,53.36,19,44,13562,16376,0,0,64.72,0,44,14556,16376,0,0,56.69,0,40,13562,16376,0,0
1759808204.2669234,2025-10-07 11:36:44.266,54.38,0,45,14994,16376,0,0,51.09,0,43,13562,16376,0,0,62.03,0,44,14556,16376,0,0,54.3,0,39,13562,16376,0,0
1759808204.4695728,2025-10-07 11:36:44.469,56.96,18,45,14994,16376,0,0,53.36,19,44,13562,16376,0,0,64.67,13,45,14556,16376,0,0,56.78,19,41,13562,16376,0,0
1759808204.667251,2025-10-07 11:36:44.667,54.27,0,45,14994,16376,0,0,51.06,0,43,13562,16376,0,0,62.0,0,44,14556,16376,0,0,54.36,0,39,13562,16376,0,0
1759808204.8592854,2025-10-07 11:36:44.859,56.44,18,45,14994,16376,0,0,51.07,0,43,13562,16376,0,0,62.01,0,44,14556,16376,0,0,54.41,0,39,13562,16376,0,0
1759808205.0703297,2025-10-07 11:36:45.070,54.3,0,45,14994,16376,0,0,51.04,0,44,13562,16376,0,0,62.0,0,44,14556,16376,0,0,55.21,0,39,13562,16376,0,0
1759808205.2766597,2025-10-07 11:36:45.276,54.26,0,47,14994,16376,0,0,52.8,16,43,13562,16376,0,0,61.99,0,44,14556,16376,0,0,54.36,0,39,13562,16376,0,0
1759808205.500301,2025-10-07 11:36:45.500,56.84,0,45,14994,16376,0,0,51.02,0,44,13562,16376,0,0,64.2,0,44,14556,16376,0,0,56.74,0,39,13562,16376,0,0
1759808205.6949835,2025-10-07 11:36:45.694,54.28,0,45,14994,16376,0,0,51.01,0,43,13562,16376,0,0,62.0,0,44,14556,16376,0,0,54.31,0,39,13562,16376,0,0
1759808205.9083323,2025-10-07 11:36:45.908,56.82,0,45,14994,16376,0,0,53.25,0,44,13562,16376,0,0,64.66,0,44,14556,16376,0,0,56.75,8,39,13562,16376,0,0
1759808206.0921953,2025-10-07 11:36:46.092,54.27,0,45,14994,16376,0,0,50.97,0,43,13562,16376,0,0,61.97,0,44,14556,16376,0,0,54.34,0,39,13562,16376,0,0
1759808206.2900736,2025-10-07 11:36:46.290,56.83,18,45,14994,16376,0,0,53.24,0,44,13562,16376,0,0,64.64,19,45,14556,16376,0,0,56.79,19,39,13562,16376,0,0
1759808206.4886346,2025-10-07 11:36:46.488,54.25,0,45,14994,16376,0,0,50.94,0,44,13562,16376,0,0,61.98,0,44,14556,16376,0,0,54.4,0,39,13562,16376,0,0
1759808206.6944127,2025-10-07 11:36:46.694,55.29,16,46,14994,16376,0,0,53.21,17,43,13562,16376,0,0,64.2,19,44,14556,16376,0,0,54.4,0,41,13562,16376,0,0
1759808206.8924437,2025-10-07 11:36:46.892,54.27,0,45,14994,16376,0,0,50.93,0,44,13562,16376,0,0,61.99,0,44,14556,16376,0,0,56.69,0,39,13562,16376,0,0
1759808207.098171,2025-10-07 11:36:47.098,54.2,0,45,14994,16376,0,0,50.9,9,43,13562,16376,0,0,61.98,0,46,14556,16376,0,0,54.31,0,39,13562,16376,0,0
1759808207.3235924,2025-10-07 11:36:47.323,54.23,0,45,14994,16376,0,0,51.01,0,44,13562,16376,0,0,64.67,0,44,14556,16376,0,0,54.31,0,39,13562,16376,0,0
1759808207.5419757,2025-10-07 11:36:47.541,56.14,17,45,14994,16376,0,0,50.96,0,43,13562,16376,0,0,62.0,0,44,14556,16376,0,0,54.32,0,39,13562,16376,0,0
1759808207.7463949,2025-10-07 11:36:47.746,55.89,0,45,14994,16376,0,0,53.28,0,44,13562,16376,0,0,64.65,0,44,14556,16376,0,0,56.73,0,39,13562,16376,0,0
1759808207.947596,2025-10-07 11:36:47.947,54.4,0,46,14994,16376,0,0,51.03,0,44,13562,16376,0,0,61.99,0,44,14556,16376,0,0,54.31,0,39,13562,16376,0,0
1759808208.1648273,2025-10-07 11:36:48.164,57.03,0,45,14994,16376,0,0,53.33,0,44,13562,16376,0,0,64.68,0,44,14556,16376,0,0,56.79,0,39,13562,16376,0,0
1759808208.3753269,2025-10-07 11:36:48.375,54.4,0,45,14994,16376,0,0,51.04,0,44,13562,16376,0,0,62.02,0,44,14556,16376,0,0,54.37,0,39,13562,16376,0,0
1759808208.5710702,2025-10-07 11:36:48.571,57.01,0,45,14994,16376,0,0,53.32,0,44,13562,16376,0,0,64.69,0,44,14556,16376,0,0,56.81,17,40,13562,16376,0,0
1759808208.7745912,2025-10-07 11:36:48.774,54.49,0,45,14994,16376,0,0,51.03,0,44,13562,16376,0,0,62.04,0,44,14556,16376,0,0,54.42,0,39,13562,16376,0,0
1759808208.980371,2025-10-07 11:36:48.980,57.09,20,45,14994,16376,0,0,53.3,0,44,13562,16376,0,0,64.71,19,46,14556,16376,0,0,56.87,17,39,13562,16376,0,0
1759808209.1799974,2025-10-07 11:36:49.180,54.53,0,45,14994,16376,0,0,51.05,0,44,13562,16376,0,0,62.02,0,44,14556,16376,0,0,54.46,0,39,13562,16376,0,0
1759808209.3848698,2025-10-07 11:36:49.384,57.15,20,46,14994,16376,0,0,53.33,19,44,13562,16376,0,0,64.71,19,44,14556,16376,0,0,54.44,5,40,13562,16376,0,0
1759808209.586361,2025-10-07 11:36:49.586,54.56,0,45,14994,16376,0,0,51.03,0,44,13562,16376,0,0,62.05,0,44,14556,16376,0,0,56.86,0,39,13562,16376,0,0
1759808209.7924466,2025-10-07 11:36:49.792,54.55,0,47,14994,16376,0,0,52.64,17,44,13562,16376,0,0,62.06,0,44,14556,16376,0,0,54.44,0,39,13562,16376,0,0
1759808210.0033953,2025-10-07 11:36:50.003,54.63,0,45,14994,16376,0,0,52.25,0,44,13562,16376,0,0,64.76,0,44,14556,16376,0,0,56.84,0,39,13562,16376,0,0
1759808210.2156234,2025-10-07 11:36:50.215,57.19,18,45,14994,16376,0,0,51.01,0,46,13562,16376,0,0,62.11,0,44,14556,16376,0,0,55.1,8,39,13562,16376,0,0
1759808210.4444659,2025-10-07 11:36:50.444,54.59,0,45,14994,16376,0,0,53.29,0,44,13562,16376,0,0,64.79,0,44,14556,16376,0,0,56.8,0,39,13562,16376,0,0
1759808210.646771,2025-10-07 11:36:50.646,54.52,0,45,14994,16376,0,0,51.02,0,44,13562,16376,0,0,62.11,0,44,14556,16376,0,0,54.38,0,39,13562,16376,0,0
1759808210.8580413,2025-10-07 11:36:50.858,57.1,0,45,14994,16376,0,0,53.34,0,44,13562,16376,0,0,64.79,0,44,14556,16376,0,0,56.82,0,39,13562,16376,0,0
1759808211.0655015,2025-10-07 11:36:51.065,54.47,0,45,14994,16376,0,0,51.06,0,44,13562,16376,0,0,62.1,0,44,14556,16376,0,0,54.41,0,39,13562,16376,0,0
1759808211.2674544,2025-10-07 11:36:51.267,57.03,0,45,14994,16376,0,0,53.37,19,44,13562,16376,0,0,64.76,0,44,14556,16376,0,0,56.85,1,40,13562,16376,0,0
1759808211.46267,2025-10-07 11:36:51.462,54.38,0,45,14994,16376,0,0,51.13,0,44,13562,16376,0,0,62.07,0,44,14556,16376,0,0,54.47,0,39,13562,16376,0,0
1759808211.6672614,2025-10-07 11:36:51.667,56.95,18,45,14994,16376,0,0,53.43,19,44,13562,16376,0,0,64.74,13,45,14556,16376,0,0,56.92,19,41,13562,16376,0,0
1759808211.865559,2025-10-07 11:36:51.865,54.35,0,45,14994,16376,0,0,51.14,0,44,13562,16376,0,0,62.04,0,44,14556,16376,0,0,54.46,0,39,13562,16376,0,0
1759808212.0729218,2025-10-07 11:36:52.072,56.91,18,45,14994,16376,0,0,53.44,17,44,13562,16376,0,0,64.7,19,45,14556,16376,0,0,56.87,19,40,13562,16376,0,0
1759808212.2805693,2025-10-07 11:36:52.280,54.32,0,45,14994,16376,0,0,51.14,0,44,13562,16376,0,0,62.04,0,44,14556,16376,0,0,55.54,0,39,13562,16376,0,0
1759808212.4928153,2025-10-07 11:36:52.492,55.77,17,46,14994,16376,0,0,53.39,17,44,13562,16376,0,0,64.63,19,45,14556,16376,0,0,54.46,0,41,13562,16376,0,0
1759808212.7002118,2025-10-07 11:36:52.700,56.98,0,45,14994,16376,0,0,51.12,0,44,13562,16376,0,0,64.25,0,44,14556,16376,0,0,56.88,0,39,13562,16376,0,0
1759808212.9008482,2025-10-07 11:36:52.900,54.35,0,47,14994,16376,0,0,51.54,12,44,13562,16376,0,0,62.03,0,46,14556,16376,0,0,54.42,0,39,13562,16376,0,0
1759808213.1094747,2025-10-07 11:36:53.109,54.28,0,45,14994,16376,0,0,53.43,0,44,13562,16376,0,0,64.69,0,44,14556,16376,0,0,56.83,0,39,13562,16376,0,0
1759808213.3357997,2025-10-07 11:36:53.335,56.85,20,45,14994,16376,0,0,51.17,0,45,13562,16376,0,0,62.01,0,44,14556,16376,0,0,54.4,8,39,13562,16376,0,0
1759808213.550788,2025-10-07 11:36:53.550,55.45,0,45,14994,16376,0,0,53.48,0,44,13562,16376,0,0,62.1,0,44,14556,16376,0,0,56.77,0,39,13562,16376,0,0
1759808213.762365,2025-10-07 11:36:53.762,54.28,0,47,14994,16376,0,0,53.5,0,44,13562,16376,0,0,62.03,0,44,14556,16376,0,0,54.3,0,39,13562,16376,0,0
1759808213.9845593,2025-10-07 11:36:53.984,56.94,0,45,14994,16376,0,0,53.09,0,44,13562,16376,0,0,64.71,0,44,14556,16376,0,0,56.71,0,39,13562,16376,0,0
1759808214.181517,2025-10-07 11:36:54.181,54.36,0,45,14994,16376,0,0,51.2,0,44,13562,16376,0,0,62.05,0,44,14556,16376,0,0,54.28,0,39,13562,16376,0,0
1759808214.3980923,2025-10-07 11:36:54.398,56.93,0,45,14994,16376,0,0,53.47,0,44,13562,16376,0,0,64.74,0,44,14556,16376,0,0,56.7,0,39,13562,16376,0,0
1759808214.596823,2025-10-07 11:36:54.596,54.34,0,45,14994,16376,0,0,51.2,0,44,13562,16376,0,0,62.08,0,44,14556,16376,0,0,54.25,0,39,13562,16376,0,0
1759808214.7969813,2025-10-07 11:36:54.796,57.0,8,45,14994,16376,0,0,53.49,0,44,13562,16376,0,0,64.74,6,44,14556,16376,0,0,56.72,17,39,13562,16376,0,0
1759808215.0086055,2025-10-07 11:36:55.008,54.37,0,45,14994,16376,0,0,51.21,0,44,13562,16376,0,0,62.08,0,44,14556,16376,0,0,54.29,0,39,13562,16376,0,0
1759808215.2140768,2025-10-07 11:36:55.214,56.98,20,45,14994,16376,0,0,53.5,9,44,13562,16376,0,0,64.75,19,44,14556,16376,0,0,56.72,17,40,13562,16376,0,0
1759808215.4239497,2025-10-07 11:36:55.423,54.4,0,45,14994,16376,0,0,51.22,0,44,13562,16376,0,0,62.08,0,44,14556,16376,0,0,54.4,0,39,13562,16376,0,0
1759808215.623845,2025-10-07 11:36:55.623,57.0,0,46,14994,16376,0,0,53.51,19,44,13562,16376,0,0,64.74,19,45,14556,16376,0,0,54.29,0,40,13562,16376,0,0
1759808215.8216503,2025-10-07 11:36:55.821,54.42,0,45,14994,16376,0,0,51.23,0,44,13562,16376,0,0,63.35,0,44,14556,16376,0,0,56.73,0,39,13562,16376,0,0
1759808216.0167236,2025-10-07 11:36:56.016,57.05,18,47,14994,16376,0,0,52.3,12,44,13562,16376,0,0,62.06,0,46,14556,16376,0,0,54.29,0,39,13562,16376,0,0
1759808216.223266,2025-10-07 11:36:56.223,54.42,0,45,14994,16376,0,0,53.51,0,44,13562,16376,0,0,64.75,0,44,14556,16376,0,0,56.72,0,39,13562,16376,0,0
1759808216.42952,2025-10-07 11:36:56.429,56.97,18,45,14994,16376,0,0,51.21,0,45,13562,16376,0,0,62.07,0,44,14556,16376,0,0,54.27,2,39,13562,16376,0,0
1759808216.6461809,2025-10-07 11:36:56.646,54.6,0,45,14994,16376,0,0,53.5,0,44,13562,16376,0,0,64.76,0,44,14556,16376,0,0,56.68,0,39,13562,16376,0,0
1759808216.844653,2025-10-07 11:36:56.844,54.35,0,45,14994,16376,0,0,51.2,0,44,13562,16376,0,0,62.06,0,44,14556,16376,0,0,54.26,0,39,13562,16376,0,0
1759808217.0407712,2025-10-07 11:36:57.040,56.89,0,45,14994,16376,0,0,53.48,0,44,13562,16376,0,0,64.75,19,44,14556,16376,0,0,56.74,0,40,13562,16376,0,0
1759808217.247294,2025-10-07 11:36:57.247,54.26,0,45,14994,16376,0,0,51.21,0,44,13562,16376,0,0,62.07,0,44,14556,16376,0,0,54.3,0,39,13562,16376,0,0
1759808217.4561884,2025-10-07 11:36:57.456,56.89,0,46,14994,16376,0,0,53.53,19,44,13562,16376,0,0,64.73,19,45,14556,16376,0,0,56.77,3,40,13562,16376,0,0
1759808217.6485188,2025-10-07 11:36:57.648,54.3,0,45,14994,16376,0,0,51.27,0,44,13562,16376,0,0,62.03,0,44,14556,16376,0,0,54.37,0,39,13562,16376,0,0
1759808217.8579438,2025-10-07 11:36:57.857,56.9,18,46,14994,16376,0,0,51.27,0,44,13562,16376,0,0,64.69,19,45,14556,16376,0,0,56.82,19,39,13562,16376,0,0
1759808218.0654383,2025-10-07 11:36:58.065,54.32,0,45,14994,16376,0,0,51.29,0,44,13562,16376,0,0,62.0,0,44,14556,16376,0,0,54.4,0,39,13562,16376,0,0
1759808218.267665,2025-10-07 11:36:58.267,54.41,10,46,14994,16376,0,0,53.58,0,44,13562,16376,0,0,63.18,11,44,14556,16376,0,0,54.44,0,41,13562,16376,0,0
1759808218.480269,2025-10-07 11:36:58.480,54.35,0,45,14994,16376,0,0,51.28,0,44,13562,16376,0,0,61.99,0,44,14556,16376,0,0,56.23,0,39,13562,16376,0,0
1759808218.6816564,2025-10-07 11:36:58.681,54.33,0,45,14994,16376,0,0,51.26,0,44,13562,16376,0,0,61.98,0,44,14556,16376,0,0,54.41,0,39,13562,16376,0,0
1759808218.8929214,2025-10-07 11:36:58.892,56.94,0,45,14994,16376,0,0,53.52,0,44,13562,16376,0,0,64.64,0,44,14556,16376,0,0,56.81,0,39,13562,16376,0,0
1759808219.0959306,2025-10-07 11:36:59.095,54.34,0,45,14994,16376,0,0,51.19,0,44,13562,16376,0,0,61.97,0,44,14556,16376,0,0,54.28,0,39,13562,16376,0,0
1759808219.3001528,2025-10-07 11:36:59.300,56.82,18,46,14994,16376,0,0,53.48,0,44,13562,16376,0,0,64.63,19,44,14556,16376,0,0,56.69,19,40,13562,16376,0,0
1759808219.5091414,2025-10-07 11:36:59.509,54.27,0,45,14994,16376,0,0,51.16,0,44,13562,16376,0,0,61.97,0,44,14556,16376,0,0,54.29,0,39,13562,16376,0,0
1759808219.709618,2025-10-07 11:36:59.709,56.89,18,46,14994,16376,0,0,53.43,17,44,13562,16376,0,0,64.64,19,45,14556,16376,0,0,55.2,10,40,13562,16376,0,0
1759808219.912161,2025-10-07 11:36:59.912,54.26,0,45,14994,16376,0,0,51.16,0,44,13562,16376,0,0,62.0,0,44,14556,16376,0,0,54.36,0,39,13562,16376,0,0
1759808220.1087024,2025-10-07 11:37:00.108,56.85,0,47,14994,16376,0,0,53.43,17,44,13562,16376,0,0,61.99,0,45,14556,16376,0,0,54.4,0,39,13562,16376,0,0
1759808220.3140647,2025-10-07 11:37:00.314,54.26,0,45,14994,16376,0,0,51.11,0,44,13562,16376,0,0,64.66,0,44,14556,16376,0,0,56.86,0,39,13562,16376,0,0
1759808220.5266433,2025-10-07 11:37:00.526,56.92,0,45,14994,16376,0,0,51.08,0,45,13562,16376,0,0,61.98,0,44,14556,16376,0,0,54.42,0,39,13562,16376,0,0
1759808220.7434976,2025-10-07 11:37:00.743,54.35,0,45,14994,16376,0,0,53.37,0,44,13562,16376,0,0,64.64,0,44,14556,16376,0,0,55.93,0,40,13562,16376,0,0
1759808220.9506269,2025-10-07 11:37:00.950,54.4,0,45,14994,16376,0,0,51.06,0,44,13562,16376,0,0,61.97,0,44,14556,16376,0,0,54.35,0,39,13562,16376,0,0
1759808221.1465514,2025-10-07 11:37:01.146,57.03,0,46,14994,16376,0,0,53.35,0,44,13562,16376,0,0,64.65,19,44,14556,16376,0,0,56.74,0,40,13562,16376,0,0
1759808221.347445,2025-10-07 11:37:01.347,54.41,0,45,14994,16376,0,0,51.08,0,44,13562,16376,0,0,61.99,0,44,14556,16376,0,0,54.28,0,39,13562,16376,0,0
1759808221.5536842,2025-10-07 11:37:01.553,56.96,0,45,14994,16376,0,0,53.41,17,44,13562,16376,0,0,64.66,0,45,14556,16376,0,0,56.72,13,40,13562,16376,0,0
1759808221.7747061,2025-10-07 11:37:01.774,54.42,0,45,14994,16376,0,0,51.15,0,44,13562,16376,0,0,62.01,0,44,14556,16376,0,0,54.35,0,39,13562,16376,0,0
1759808221.969717,2025-10-07 11:37:01.969,57.05,20,46,14994,16376,0,0,53.46,0,45,13562,16376,0,0,64.68,19,44,14556,16376,0,0,56.8,17,39,13562,16376,0,0
1759808222.1674538,2025-10-07 11:37:02.167,54.48,0,45,14994,16376,0,0,51.19,0,44,13562,16376,0,0,62.0,0,44,14556,16376,0,0,54.41,0,39,13562,16376,0,0
1759808222.366936,2025-10-07 11:37:02.366,54.46,3,46,14994,16376,0,0,53.48,19,44,13562,16376,0,0,63.03,10,44,14556,16376,0,0,54.46,0,41,13562,16376,0,0
1759808222.576353,2025-10-07 11:37:02.576,54.5,0,45,14994,16376,0,0,51.21,0,44,13562,16376,0,0,62.0,0,44,14556,16376,0,0,56.73,0,40,13562,16376,0,0
1759808222.7680342,2025-10-07 11:37:02.768,54.42,0,45,14994,16376,0,0,51.22,0,44,13562,16376,0,0,62.0,0,44,14556,16376,0,0,54.44,0,39,13562,16376,0,0
1759808222.992945,2025-10-07 11:37:02.992,57.07,0,45,14994,16376,0,0,53.52,0,44,13562,16376,0,0,64.66,0,45,14556,16376,0,0,56.89,0,40,13562,16376,0,0
1759808223.1808763,2025-10-07 11:37:03.180,54.43,0,45,14994,16376,0,0,51.21,0,44,13562,16376,0,0,61.98,0,44,14556,16376,0,0,54.43,0,39,13562,16376,0,0
1759808223.3752337,2025-10-07 11:37:03.375,57.05,20,46,14994,16376,0,0,53.49,16,44,13562,16376,0,0,64.63,19,47,14556,16376,0,0,56.87,17,39,13562,16376,0,0
1759808223.569422,2025-10-07 11:37:03.569,54.5,0,45,14994,16376,0,0,51.19,0,44,13562,16376,0,0,61.95,0,44,14556,16376,0,0,54.43,0,40,13562,16376,0,0
1759808223.7554631,2025-10-07 11:37:03.755,57.15,20,46,14994,16376,0,0,51.17,0,45,13562,16376,0,0,64.6,19,44,14556,16376,0,0,54.42,9,39,13562,16376,0,0
1759808223.957529,2025-10-07 11:37:03.957,54.52,0,45,14994,16376,0,0,51.15,0,44,13562,16376,0,0,61.92,0,44,14556,16376,0,0,54.38,0,40,13562,16376,0,0
1759808224.170816,2025-10-07 11:37:04.170,54.57,0,47,14994,16376,0,0,53.46,19,44,13562,16376,0,0,61.92,0,44,14556,16376,0,0,54.37,0,39,13562,16376,0,0
1759808224.3853095,2025-10-07 11:37:04.385,57.13,0,45,14994,16376,0,0,52.61,0,44,13562,16376,0,0,64.59,0,44,14556,16376,0,0,56.77,0,40,13562,16376,0,0
1759808224.5716484,2025-10-07 11:37:04.571,54.46,0,45,14994,16376,0,0,51.22,0,44,13562,16376,0,0,61.94,0,44,14556,16376,0,0,54.3,0,39,13562,16376,0,0
1759808224.77537,2025-10-07 11:37:04.775,56.94,0,45,14994,16376,0,0,53.51,0,44,13562,16376,0,0,64.62,0,45,14556,16376,0,0,56.74,10,40,13562,16376,0,0
1759808224.9735625,2025-10-07 11:37:04.973,54.28,0,45,14994,16376,0,0,51.23,0,44,13562,16376,0,0,61.97,0,44,14556,16376,0,0,54.35,0,39,13562,16376,0,0
1759808225.1709332,2025-10-07 11:37:05.170,56.81,20,46,14994,16376,0,0,53.49,8,44,13562,16376,0,0,64.66,19,46,14556,16376,0,0,56.77,17,40,13562,16376,0,0
1759808225.3797693,2025-10-07 11:37:05.379,54.28,0,45,14994,16376,0,0,51.21,0,44,13562,16376,0,0,62.01,0,44,14556,16376,0,0,54.41,0,39,13562,16376,0,0
1759808225.5894976,2025-10-07 11:37:05.589,56.37,19,46,14994,16376,0,0,53.49,19,44,13562,16376,0,0,64.7,19,44,14556,16376,0,0,54.47,0,40,13562,16376,0,0
1759808225.7764924,2025-10-07 11:37:05.776,54.31,0,45,14994,16376,0,0,51.21,0,44,13562,16376,0,0,62.04,0,44,14556,16376,0,0,56.4,0,39,13562,16376,0,0
1759808225.9733422,2025-10-07 11:37:05.973,54.26,0,47,14994,16376,0,0,52.2,11,44,13562,16376,0,0,62.03,0,44,14556,16376,0,0,54.48,0,39,13562,16376,0,0
1759808226.1882744,2025-10-07 11:37:06.188,56.83,0,45,14994,16376,0,0,53.4,0,44,13562,16376,0,0,64.71,0,44,14556,16376,0,0,56.9,0,40,13562,16376,0,0
1759808226.3815575,2025-10-07 11:37:06.381,54.16,0,45,14994,16376,0,0,51.19,0,44,13562,16376,0,0,62.03,0,44,14556,16376,0,0,54.43,0,39,13562,16376,0,0
1759808226.583578,2025-10-07 11:37:06.583,56.79,13,46,14994,16376,0,0,53.5,0,44,13562,16376,0,0,64.7,11,45,14556,16376,0,0,56.9,17,40,13562,16376,0,0
1759808226.7800784,2025-10-07 11:37:06.780,54.18,0,45,14994,16376,0,0,51.21,0,44,13562,16376,0,0,62.02,0,44,14556,16376,0,0,54.46,0,39,13562,16376,0,0
1759808226.9760509,2025-10-07 11:37:06.976,56.77,20,46,14994,16376,0,0,53.47,16,45,13562,16376,0,0,64.7,19,46,14556,16376,0,0,56.86,17,40,13562,16376,0,0
1759808227.181783,2025-10-07 11:37:07.181,54.21,0,45,14994,16376,0,0,51.2,0,44,13562,16376,0,0,62.03,0,44,14556,16376,0,0,54.42,0,39,13562,16376,0,0
1759808227.3809366,2025-10-07 11:37:07.380,54.88,8,46,14994,16376,0,0,53.49,19,44,13562,16376,0,0,63.85,16,44,14556,16376,0,0,54.4,0,42,13562,16376,0,0
1759808227.587043,2025-10-07 11:37:07.587,56.8,0,45,14994,16376,0,0,51.18,0,44,13562,16376,0,0,64.01,0,44,14556,16376,0,0,56.79,0,40,13562,16376,0,0
1759808227.7984097,2025-10-07 11:37:07.798,54.27,0,45,14994,16376,0,0,51.18,0,45,13562,16376,0,0,62.06,0,44,14556,16376,0,0,54.34,0,39,13562,16376,0,0
1759808228.0109217,2025-10-07 11:37:08.010,56.87,0,46,14994,16376,0,0,53.47,0,44,13562,16376,0,0,64.72,0,44,14556,16376,0,0,56.77,13,40,13562,16376,0,0
1759808228.2064822,2025-10-07 11:37:08.206,54.27,0,45,14994,16376,0,0,51.17,0,44,13562,16376,0,0,62.06,0,44,14556,16376,0,0,54.36,0,39,13562,16376,0,0
1759808228.4039536,2025-10-07 11:37:08.403,56.88,20,46,14994,16376,0,0,53.44,0,44,13562,16376,0,0,64.74,19,45,14556,16376,0,0,56.83,17,40,13562,16376,0,0
1759808228.6100216,2025-10-07 11:37:08.610,54.31,0,45,14994,16376,0,0,51.13,0,44,13562,16376,0,0,62.05,0,44,14556,16376,0,0,54.42,0,39,13562,16376,0,0
1759808228.813735,2025-10-07 11:37:08.813,56.86,20,46,14994,16376,0,0,53.41,19,44,13562,16376,0,0,64.71,19,45,14556,16376,0,0,55.81,16,40,13562,16376,0,0
1759808229.0100586,2025-10-07 11:37:09.010,54.34,0,45,14994,16376,0,0,51.13,0,44,13562,16376,0,0,62.06,0,44,14556,16376,0,0,56.75,0,39,13562,16376,0,0
1759808229.2106376,2025-10-07 11:37:09.210,54.35,0,47,14994,16376,0,0,53.43,19,44,13562,16376,0,0,62.05,3,45,14556,16376,0,0,54.39,0,41,13562,16376,0,0
1759808229.4029307,2025-10-07 11:37:09.402,56.98,0,46,14994,16376,0,0,51.16,0,44,13562,16376,0,0,64.74,0,44,14556,16376,0,0,56.87,0,40,13562,16376,0,0
1759808229.6007879,2025-10-07 11:37:09.600,54.4,0,45,14994,16376,0,0,51.17,0,44,13562,16376,0,0,62.06,0,44,14556,16376,0,0,54.41,0,39,13562,16376,0,0
1759808229.8217232,2025-10-07 11:37:09.821,54.47,0,46,14994,16376,0,0,53.48,0,44,13562,16376,0,0,64.72,0,44,14556,16376,0,0,56.86,0,40,13562,16376,0,0
1759808230.0236876,2025-10-07 11:37:10.023,54.44,7,45,14994,16376,0,0,51.19,0,44,13562,16376,0,0,62.89,9,44,14556,16376,0,0,54.45,0,39,13562,16376,0,0
1759808230.2546108,2025-10-07 11:37:10.254,57.12,0,46,14994,16376,0,0,53.53,0,44,13562,16376,0,0,64.72,10,44,14556,16376,0,0,56.88,0,40,13562,16376,0,0
1759808230.4481807,2025-10-07 11:37:10.448,54.51,0,45,14994,16376,0,0,51.23,0,44,13562,16376,0,0,62.05,0,44,14556,16376,0,0,54.43,0,40,13562,16376,0,0
1759808230.6498604,2025-10-07 11:37:10.649,57.11,0,46,14994,16376,0,0,53.49,19,44,13562,16376,0,0,64.74,0,45,14556,16376,0,0,56.86,0,40,13562,16376,0,0
1759808230.8609998,2025-10-07 11:37:10.861,54.51,0,45,14994,16376,0,0,51.18,0,44,13562,16376,0,0,62.07,0,44,14556,16376,0,0,54.45,0,40,13562,16376,0,0
1759808231.0602853,2025-10-07 11:37:11.060,57.11,10,46,14994,16376,0,0,53.44,19,44,13562,16376,0,0,64.76,2,45,14556,16376,0,0,56.9,19,41,13562,16376,0,0
1759808231.2627814,2025-10-07 11:37:11.262,54.43,0,46,14994,16376,0,0,51.1,0,44,13562,16376,0,0,63.92,0,44,14556,16376,0,0,54.54,0,40,13562,16376,0,0
1759808231.440981,2025-10-07 11:37:11.440,57.09,18,45,14994,16376,0,0,51.1,2,45,13562,16376,0,0,62.12,0,46,14556,16376,0,0,57.0,19,39,13562,16376,0,0
1759808231.6463056,2025-10-07 11:37:11.646,54.48,0,46,14994,16376,0,0,53.41,0,44,13562,16376,0,0,64.81,0,44,14556,16376,0,0,54.56,0,40,13562,16376,0,0
1759808231.8369129,2025-10-07 11:37:11.836,56.81,18,45,14994,16376,0,0,51.13,0,44,13562,16376,0,0,62.11,0,44,14556,16376,0,0,54.53,0,40,13562,16376,0,0
1759808232.0514615,2025-10-07 11:37:12.051,56.24,0,46,14994,16376,0,0,53.44,0,44,13562,16376,0,0,64.78,0,44,14556,16376,0,0,56.94,0,40,13562,16376,0,0
1759808232.240525,2025-10-07 11:37:12.240,54.43,0,45,14994,16376,0,0,51.17,0,44,13562,16376,0,0,62.06,0,44,14556,16376,0,0,54.47,0,40,13562,16376,0,0
1759808232.461065,2025-10-07 11:37:12.461,56.92,0,46,14994,16376,0,0,53.51,0,44,13562,16376,0,0,64.71,0,45,14556,16376,0,0,56.83,0,40,13562,16376,0,0
1759808232.6901746,2025-10-07 11:37:12.690,54.4,0,45,14994,16376,0,0,51.22,0,44,13562,16376,0,0,62.02,0,44,14556,16376,0,0,54.37,0,40,13562,16376,0,0
1759808232.902136,2025-10-07 11:37:12.902,57.02,0,46,14994,16376,0,0,53.51,0,44,13562,16376,0,0,64.68,0,44,14556,16376,0,0,56.81,0,40,13562,16376,0,0
1759808233.099978,2025-10-07 11:37:13.099,54.41,0,45,14994,16376,0,0,51.21,0,44,13562,16376,0,0,62.01,0,44,14556,16376,0,0,54.37,0,40,13562,16376,0,0
1759808233.301648,2025-10-07 11:37:13.301,56.99,18,46,14994,16376,0,0,53.5,12,44,13562,16376,0,0,64.69,19,45,14556,16376,0,0,56.78,19,40,13562,16376,0,0
1759808233.5055516,2025-10-07 11:37:13.505,54.4,0,46,14994,16376,0,0,51.21,0,44,13562,16376,0,0,62.04,0,44,14556,16376,0,0,54.35,0,40,13562,16376,0,0
1759808233.728578,2025-10-07 11:37:13.728,56.9,18,46,14994,16376,0,0,53.49,17,44,13562,16376,0,0,64.7,19,45,14556,16376,0,0,54.34,1,40,13562,16376,0,0
1759808233.9046388,2025-10-07 11:37:13.904,54.45,0,46,14994,16376,0,0,51.23,0,44,13562,16376,0,0,62.05,0,44,14556,16376,0,0,55.74,0,40,13562,16376,0,0
1759808234.1032548,2025-10-07 11:37:14.103,54.44,0,47,14994,16376,0,0,53.52,17,44,13562,16376,0,0,62.05,0,45,14556,16376,0,0,54.37,0,40,13562,16376,0,0
1759808234.3034778,2025-10-07 11:37:14.303,57.07,0,46,14994,16376,0,0,53.35,0,44,13562,16376,0,0,64.73,0,44,14556,16376,0,0,56.82,0,40,13562,16376,0,0
1759808234.4955661,2025-10-07 11:37:14.495,54.47,0,45,14994,16376,0,0,51.24,0,44,13562,16376,0,0,62.06,0,44,14556,16376,0,0,54.4,0,40,13562,16376,0,0
1759808234.708165,2025-10-07 11:37:14.708,54.45,0,46,14994,16376,0,0,53.51,0,44,13562,16376,0,0,64.75,0,45,14556,16376,0,0,56.85,19,40,13562,16376,0,0
1759808234.9118524,2025-10-07 11:37:14.911,54.41,0,46,14994,16376,0,0,51.19,0,44,13562,16376,0,0,62.08,0,44,14556,16376,0,0,54.4,0,40,13562,16376,0,0
1759808235.1359005,2025-10-07 11:37:15.135,56.98,0,46,14994,16376,0,0,53.46,6,44,13562,16376,0,0,64.78,19,45,14556,16376,0,0,56.84,0,40,13562,16376,0,0
1759808235.341402,2025-10-07 11:37:15.341,54.31,0,46,14994,16376,0,0,51.14,0,44,13562,16376,0,0,62.13,0,44,14556,16376,0,0,54.38,0,40,13562,16376,0,0
1759808235.5422869,2025-10-07 11:37:15.542,56.86,0,46,14994,16376,0,0,53.42,17,44,13562,16376,0,0,64.82,19,45,14556,16376,0,0,56.8,17,40,13562,16376,0,0
1759808235.7484818,2025-10-07 11:37:15.748,54.22,0,46,14994,16376,0,0,51.16,0,44,13562,16376,0,0,62.15,0,44,14556,16376,0,0,54.34,0,40,13562,16376,0,0
1759808235.9561949,2025-10-07 11:37:15.956,56.81,20,46,14994,16376,0,0,51.16,0,45,13562,16376,0,0,62.14,0,44,14556,16376,0,0,56.75,17,40,13562,16376,0,0
1759808236.1389172,2025-10-07 11:37:16.138,54.25,0,46,14994,16376,0,0,52.42,0,44,13562,16376,0,0,64.83,0,44,14556,16376,0,0,54.34,0,40,13562,16376,0,0
1759808236.328855,2025-10-07 11:37:16.328,54.82,7,46,14994,16376,0,0,51.15,0,44,13562,16376,0,0,62.17,0,44,14556,16376,0,0,54.37,0,40,13562,16376,0,0
1759808236.5469778,2025-10-07 11:37:16.546,54.4,0,46,14994,16376,0,0,53.44,0,44,13562,16376,0,0,64.84,4,45,14556,16376,0,0,56.81,0,40,13562,16376,0,0
1759808236.7400594,2025-10-07 11:37:16.740,54.44,0,46,14994,16376,0,0,51.13,0,44,13562,16376,0,0,62.16,0,44,14556,16376,0,0,54.35,0,40,13562,16376,0,0
1759808236.9368966,2025-10-07 11:37:16.936,57.09,0,46,14994,16376,0,0,53.39,12,44,13562,16376,0,0,64.84,19,45,14556,16376,0,0,56.82,0,40,13562,16376,0,0
1759808237.138058,2025-10-07 11:37:17.138,54.53,0,46,14994,16376,0,0,51.12,0,44,13562,16376,0,0,62.13,0,44,14556,16376,0,0,54.39,0,40,13562,16376,0,0
1759808237.3262882,2025-10-07 11:37:17.326,57.13,20,47,14994,16376,0,0,53.41,17,44,13562,16376,0,0,62.1,0,46,14556,16376,0,0,56.81,0,40,13562,16376,0,0
1759808237.5296686,2025-10-07 11:37:17.529,54.55,0,46,14994,16376,0,0,51.13,0,44,13562,16376,0,0,63.15,0,44,14556,16376,0,0,54.36,0,40,13562,16376,0,0
1759808237.7354739,2025-10-07 11:37:17.735,57.17,20,46,14994,16376,0,0,51.15,0,45,13562,16376,0,0,62.11,0,44,14556,16376,0,0,56.55,17,40,13562,16376,0,0
1759808237.9374764,2025-10-07 11:37:17.937,54.61,0,46,14994,16376,0,0,53.24,0,44,13562,16376,0,0,64.8,0,45,14556,16376,0,0,54.38,0,40,13562,16376,0,0
1759808238.1428733,2025-10-07 11:37:18.142,55.41,10,46,14994,16376,0,0,51.18,0,44,13562,16376,0,0,64.07,17,44,14556,16376,0,0,54.38,0,40,13562,16376,0,0
1759808238.3628411,2025-10-07 11:37:18.362,57.17,0,46,14994,16376,0,0,51.16,0,44,13562,16376,0,0,64.78,0,45,14556,16376,0,0,56.8,0,40,13562,16376,0,0
1759808238.5695179,2025-10-07 11:37:18.569,54.49,0,46,14994,16376,0,0,51.19,0,44,13562,16376,0,0,62.11,0,44,14556,16376,0,0,54.4,0,40,13562,16376,0,0
1759808238.7754316,2025-10-07 11:37:18.775,57.08,0,46,14994,16376,0,0,53.49,0,44,13562,16376,0,0,64.78,0,45,14556,16376,0,0,56.86,0,40,13562,16376,0,0
1759808238.9753687,2025-10-07 11:37:18.975,54.42,0,46,14994,16376,0,0,51.19,0,44,13562,16376,0,0,62.1,0,44,14556,16376,0,0,54.44,0,40,13562,16376,0,0
1759808239.1914577,2025-10-07 11:37:19.191,57.0,16,46,14994,16376,0,0,53.49,0,44,13562,16376,0,0,64.77,14,45,14556,16376,0,0,56.85,17,40,13562,16376,0,0
1759808239.3756819,2025-10-07 11:37:19.375,54.42,0,46,14994,16376,0,0,51.21,0,44,13562,16376,0,0,62.09,0,44,14556,16376,0,0,54.42,0,40,13562,16376,0,0
1759808239.575705,2025-10-07 11:37:19.575,57.04,20,46,14994,16376,0,0,53.49,19,45,13562,16376,0,0,64.77,19,45,14556,16376,0,0,56.82,17,40,13562,16376,0,0
1759808239.783173,2025-10-07 11:37:19.783,54.44,0,46,14994,16376,0,0,51.2,0,44,13562,16376,0,0,62.09,0,45,14556,16376,0,0,54.38,0,40,13562,16376,0,0
1759808239.966824,2025-10-07 11:37:19.966,54.43,4,46,14994,16376,0,0,53.46,19,44,13562,16376,0,0,63.26,11,44,14556,16376,0,0,54.32,0,42,13562,16376,0,0
1759808240.1704597,2025-10-07 11:37:20.170,56.99,0,46,14994,16376,0,0,51.18,0,44,13562,16376,0,0,64.44,0,45,14556,16376,0,0,56.71,0,40,13562,16376,0,0
1759808240.3854775,2025-10-07 11:37:20.385,54.35,0,46,14994,16376,0,0,51.18,0,44,13562,16376,0,0,62.08,0,44,14556,16376,0,0,54.26,0,40,13562,16376,0,0
1759808240.597693,2025-10-07 11:37:20.597,56.95,0,46,14994,16376,0,0,53.47,0,44,13562,16376,0,0,64.75,0,45,14556,16376,0,0,56.67,7,40,13562,16376,0,0
1759808240.8049355,2025-10-07 11:37:20.804,54.28,0,46,14994,16376,0,0,51.19,0,44,13562,16376,0,0,62.06,0,44,14556,16376,0,0,54.23,0,40,13562,16376,0,0
1759808241.0168486,2025-10-07 11:37:21.016,57.0,0,46,14994,16376,0,0,53.53,0,44,13562,16376,0,0,64.74,11,45,14556,16376,0,0,56.72,17,40,13562,16376,0,0
1759808241.2164254,2025-10-07 11:37:21.216,54.43,0,46,14994,16376,0,0,51.24,0,44,13562,16376,0,0,62.06,0,44,14556,16376,0,0,54.34,0,40,13562,16376,0,0
1759808241.4260035,2025-10-07 11:37:21.426,57.06,0,46,14994,16376,0,0,53.52,12,44,13562,16376,0,0,64.73,19,45,14556,16376,0,0,56.84,0,40,13562,16376,0,0
1759808241.6275947,2025-10-07 11:37:21.627,54.45,0,46,14994,16376,0,0,51.24,0,44,13562,16376,0,0,62.04,0,44,14556,16376,0,0,54.44,0,40,13562,16376,0,0
1759808241.8373504,2025-10-07 11:37:21.837,57.06,18,47,14994,16376,0,0,53.53,19,44,13562,16376,0,0,62.05,0,45,14556,16376,0,0,56.9,19,40,13562,16376,0,0
1759808242.0371995,2025-10-07 11:37:22.037,54.35,0,46,14994,16376,0,0,51.24,0,44,13562,16376,0,0,63.98,0,45,14556,16376,0,0,54.43,0,40,13562,16376,0,0
1759808242.2459335,2025-10-07 11:37:22.245,57.06,18,46,14994,16376,0,0,51.23,0,45,13562,16376,0,0,64.75,19,44,14556,16376,0,0,56.88,19,40,13562,16376,0,0
1759808242.4479249,2025-10-07 11:37:22.447,54.48,0,46,14994,16376,0,0,51.27,0,44,13562,16376,0,0,62.07,0,45,14556,16376,0,0,54.44,0,40,13562,16376,0,0
1759808242.6600437,2025-10-07 11:37:22.660,56.15,18,46,14994,16376,0,0,53.54,0,44,13562,16376,0,0,64.75,19,44,14556,16376,0,0,54.44,0,41,13562,16376,0,0
1759808242.8668094,2025-10-07 11:37:22.866,57.1,0,46,14994,16376,0,0,51.22,0,44,13562,16376,0,0,64.75,0,45,14556,16376,0,0,56.88,0,40,13562,16376,0,0
1759808243.0741382,2025-10-07 11:37:23.074,54.46,0,48,14994,16376,0,0,52.63,17,44,13562,16376,0,0,62.06,0,44,14556,16376,0,0,54.42,0,40,13562,16376,0,0
1759808243.2958233,2025-10-07 11:37:23.295,56.93,0,46,14994,16376,0,0,53.47,0,44,13562,16376,0,0,64.73,0,45,14556,16376,0,0,56.82,0,40,13562,16376,0,0
1759808243.514968,2025-10-07 11:37:23.514,54.4,0,46,14994,16376,0,0,51.19,0,44,13562,16376,0,0,62.07,0,44,14556,16376,0,0,54.41,0,40,13562,16376,0,0
1759808243.7078297,2025-10-07 11:37:23.707,55.28,0,46,14994,16376,0,0,53.49,0,44,13562,16376,0,0,64.75,1,45,14556,16376,0,0,56.83,19,40,13562,16376,0,0
1759808243.9237795,2025-10-07 11:37:23.923,54.34,0,46,14994,16376,0,0,51.23,0,44,13562,16376,0,0,62.07,0,44,14556,16376,0,0,54.39,0,40,13562,16376,0,0
1759808244.127334,2025-10-07 11:37:24.127,56.92,0,46,14994,16376,0,0,53.54,7,44,13562,16376,0,0,64.74,19,45,14556,16376,0,0,56.83,0,40,13562,16376,0,0
1759808244.331592,2025-10-07 11:37:24.331,54.33,0,46,14994,16376,0,0,51.27,0,44,13562,16376,0,0,62.08,0,44,14556,16376,0,0,54.38,0,40,13562,16376,0,0
1759808244.532549,2025-10-07 11:37:24.532,56.99,0,46,14994,16376,0,0,53.53,17,44,13562,16376,0,0,64.72,19,45,14556,16376,0,0,56.84,11,40,13562,16376,0,0
1759808244.7393234,2025-10-07 11:37:24.739,54.44,0,46,14994,16376,0,0,51.27,0,44,13562,16376,0,0,62.61,0,45,14556,16376,0,0,54.44,0,40,13562,16376,0,0
1759808244.9467552,2025-10-07 11:37:24.946,57.08,20,47,14994,16376,0,0,51.93,14,45,13562,16376,0,0,64.74,0,47,14556,16376,0,0,56.88,17,40,13562,16376,0,0
1759808245.1461017,2025-10-07 11:37:25.146,54.56,0,46,14994,16376,0,0,52.58,0,44,13562,16376,0,0,62.07,0,45,14556,16376,0,0,54.46,0,40,13562,16376,0,0
1759808245.3567996,2025-10-07 11:37:25.356,57.22,20,46,14994,16376,0,0,53.58,19,45,13562,16376,0,0,64.75,19,44,14556,16376,0,0,54.47,8,40,13562,16376,0,0
1759808245.5634115,2025-10-07 11:37:25.563,54.64,0,46,14994,16376,0,0,51.31,0,44,13562,16376,0,0,62.08,0,45,14556,16376,0,0,56.41,0,40,13562,16376,0,0
1759808245.7664847,2025-10-07 11:37:25.766,54.63,0,47,14994,16376,0,0,53.61,19,44,13562,16376,0,0,62.1,0,45,14556,16376,0,0,54.46,0,40,13562,16376,0,0
1759808245.9873,2025-10-07 11:37:25.987,57.29,0,46,14994,16376,0,0,52.93,0,44,13562,16376,0,0,64.79,0,45,14556,16376,0,0,56.87,0,40,13562,16376,0,0
1759808246.1854377,2025-10-07 11:37:26.185,54.66,0,46,14994,16376,0,0,51.31,0,44,13562,16376,0,0,62.11,0,44,14556,16376,0,0,54.36,0,40,13562,16376,0,0
1759808246.4063954,2025-10-07 11:37:26.406,54.64,0,46,14994,16376,0,0,53.57,0,44,13562,16376,0,0,64.79,0,45,14556,16376,0,0,56.79,17,40,13562,16376,0,0
1759808246.6156805,2025-10-07 11:37:26.615,54.62,0,46,14994,16376,0,0,51.25,0,44,13562,16376,0,0,62.09,0,45,14556,16376,0,0,54.36,0,40,13562,16376,0,0
1759808246.8177772,2025-10-07 11:37:26.817,57.13,20,46,14994,16376,0,0,53.54,0,44,13562,16376,0,0,64.77,19,45,14556,16376,0,0,56.82,17,40,13562,16376,0,0
1759808247.0020485,2025-10-07 11:37:27.002,54.56,0,46,14994,16376,0,0,51.25,0,44,13562,16376,0,0,62.08,0,45,14556,16376,0,0,54.4,0,40,13562,16376,0,0
1759808247.1980572,2025-10-07 11:37:27.198,57.21,20,46,14994,16376,0,0,53.57,19,44,13562,16376,0,0,64.75,19,45,14556,16376,0,0,56.51,17,40,13562,16376,0,0
1759808247.4033751,2025-10-07 11:37:27.403,54.64,0,46,14994,16376,0,0,51.3,0,44,13562,16376,0,0,62.06,0,45,14556,16376,0,0,56.96,0,40,13562,16376,0,0
1759808247.60031,2025-10-07 11:37:27.600,57.24,0,48,14994,16376,0,0,52.6,14,45,13562,16376,0,0,62.06,0,47,14556,16376,0,0,54.53,0,40,13562,16376,0,0
1759808247.8079815,2025-10-07 11:37:27.807,54.66,0,46,14994,16376,0,0,51.31,0,44,13562,16376,0,0,64.75,0,45,14556,16376,0,0,56.98,0,40,13562,16376,0,0
1759808248.0216963,2025-10-07 11:37:28.021,57.13,18,46,14994,16376,0,0,51.31,0,46,13562,16376,0,0,62.06,0,45,14556,16376,0,0,54.82,6,40,13562,16376,0,0
1759808248.241489,2025-10-07 11:37:28.241,54.63,0,46,14994,16376,0,0,53.59,0,44,13562,16376,0,0,62.11,0,45,14556,16376,0,0,54.86,0,40,13562,16376,0,0
1759808248.4520705,2025-10-07 11:37:28.452,54.66,0,47,14994,16376,0,0,51.27,0,44,13562,16376,0,0,62.11,0,45,14556,16376,0,0,54.47,0,40,13562,16376,0,0
1759808248.6614873,2025-10-07 11:37:28.661,57.26,0,46,14994,16376,0,0,53.55,0,44,13562,16376,0,0,64.77,0,45,14556,16376,0,0,56.93,0,40,13562,16376,0,0
1759808248.8529277,2025-10-07 11:37:28.852,54.64,0,46,14994,16376,0,0,51.26,0,44,13562,16376,0,0,62.07,0,45,14556,16376,0,0,54.52,0,40,13562,16376,0,0
1759808249.0368338,2025-10-07 11:37:29.036,57.29,0,46,14994,16376,0,0,53.51,19,44,13562,16376,0,0,64.74,19,45,14556,16376,0,0,56.99,0,40,13562,16376,0,0
1759808249.2398973,2025-10-07 11:37:29.239,54.64,0,46,14994,16376,0,0,51.2,0,44,13562,16376,0,0,62.04,0,45,14556,16376,0,0,54.53,0,40,13562,16376,0,0
1759808249.4308732,2025-10-07 11:37:29.430,57.29,18,47,14994,16376,0,0,51.85,8,45,13562,16376,0,0,62.03,0,47,14556,16376,0,0,57.0,19,40,13562,16376,0,0
1759808249.635285,2025-10-07 11:37:29.635,54.66,0,46,14994,16376,0,0,51.2,0,44,13562,16376,0,0,62.02,0,45,14556,16376,0,0,54.59,0,40,13562,16376,0,0
1759808249.846611,2025-10-07 11:37:29.846,57.27,18,46,14994,16376,0,0,51.17,0,45,13562,16376,0,0,64.7,19,45,14556,16376,0,0,54.58,0,40,13562,16376,0,0
1759808250.0625436,2025-10-07 11:37:30.062,54.65,0,46,14994,16376,0,0,51.18,0,44,13562,16376,0,0,62.03,0,45,14556,16376,0,0,55.9,0,40,13562,16376,0,0
1759808250.270032,2025-10-07 11:37:30.270,54.61,0,48,14994,16376,0,0,53.28,17,44,13562,16376,0,0,62.02,0,45,14556,16376,0,0,54.59,0,40,13562,16376,0,0
1759808250.4852743,2025-10-07 11:37:30.485,57.15,0,46,14994,16376,0,0,52.8,0,44,13562,16376,0,0,64.69,0,45,14556,16376,0,0,57.0,0,40,13562,16376,0,0
1759808250.6937284,2025-10-07 11:37:30.693,54.62,0,46,14994,16376,0,0,51.18,0,44,13562,16376,0,0,62.03,0,45,14556,16376,0,0,54.53,0,40,13562,16376,0,0
1759808250.903654,2025-10-07 11:37:30.903,54.58,0,46,14994,16376,0,0,53.48,0,44,13562,16376,0,0,64.71,0,45,14556,16376,0,0,56.9,19,40,13562,16376,0,0
1759808251.1147385,2025-10-07 11:37:31.114,54.55,0,46,14994,16376,0,0,51.18,0,44,13562,16376,0,0,62.02,0,45,14556,16376,0,0,54.44,0,40,13562,16376,0,0
1759808251.3168678,2025-10-07 11:37:31.316,57.16,0,46,14994,16376,0,0,53.47,11,44,13562,16376,0,0,64.68,19,45,14556,16376,0,0,56.88,19,40,13562,16376,0,0
1759808251.524517,2025-10-07 11:37:31.524,54.58,0,46,14994,16376,0,0,51.19,0,44,13562,16376,0,0,62.01,0,45,14556,16376,0,0,54.44,0,40,13562,16376,0,0
1759808251.7304955,2025-10-07 11:37:31.730,57.17,0,46,14994,16376,0,0,53.48,17,44,13562,16376,0,0,64.67,19,45,14556,16376,0,0,56.92,2,40,13562,16376,0,0
1759808251.9333124,2025-10-07 11:37:31.933,54.65,0,46,14994,16376,0,0,51.21,0,44,13562,16376,0,0,62.4,0,45,14556,16376,0,0,54.51,0,40,13562,16376,0,0
1759808252.1413941,2025-10-07 11:37:32.141,57.29,20,46,14994,16376,0,0,51.23,3,45,13562,16376,0,0,64.7,0,46,14556,16376,0,0,56.94,17,40,13562,16376,0,0
1759808252.345883,2025-10-07 11:37:32.345,54.74,0,46,14994,16376,0,0,53.14,0,44,13562,16376,0,0,62.04,0,45,14556,16376,0,0,54.48,0,40,13562,16376,0,0
1759808252.5456388,2025-10-07 11:37:32.545,57.06,20,46,14994,16376,0,0,51.22,0,44,13562,16376,0,0,64.71,19,45,14556,16376,0,0,54.48,0,40,13562,16376,0,0
1759808252.7526577,2025-10-07 11:37:32.752,54.79,0,46,14994,16376,0,0,53.48,0,44,13562,16376,0,0,62.05,0,45,14556,16376,0,0,56.88,0,40,13562,16376,0,0
1759808252.9521394,2025-10-07 11:37:32.952,54.73,0,48,14994,16376,0,0,52.94,18,44,13562,16376,0,0,62.04,0,46,14556,16376,0,0,54.46,0,40,13562,16376,0,0
1759808253.1966414,2025-10-07 11:37:33.196,57.41,0,46,14994,16376,0,0,53.4,0,44,13562,16376,0,0,64.72,0,45,14556,16376,0,0,56.91,0,40,13562,16376,0,0
1759808253.3984082,2025-10-07 11:37:33.398,55.15,0,46,14994,16376,0,0,51.11,0,44,13562,16376,0,0,62.04,0,45,14556,16376,0,0,54.51,0,40,13562,16376,0,0
1759808253.6090248,2025-10-07 11:37:33.609,55.08,0,46,14994,16376,0,0,53.41,0,44,13562,16376,0,0,64.7,6,45,14556,16376,0,0,56.97,17,40,13562,16376,0,0
1759808253.8174174,2025-10-07 11:37:33.817,54.74,0,46,14994,16376,0,0,51.14,0,44,13562,16376,0,0,62.02,0,45,14556,16376,0,0,54.51,0,40,13562,16376,0,0
1759808254.0120082,2025-10-07 11:37:34.012,57.25,0,46,14994,16376,0,0,53.47,7,44,13562,16376,0,0,64.68,19,45,14556,16376,0,0,56.9,17,40,13562,16376,0,0
1759808254.2283673,2025-10-07 11:37:34.228,54.68,0,46,14994,16376,0,0,51.2,0,44,13562,16376,0,0,62.0,0,45,14556,16376,0,0,54.44,0,40,13562,16376,0,0
1759808254.434956,2025-10-07 11:37:34.434,57.26,0,46,14994,16376,0,0,53.49,19,44,13562,16376,0,0,64.69,19,45,14556,16376,0,0,56.89,18,41,13562,16376,0,0
1759808254.6394699,2025-10-07 11:37:34.639,54.68,0,46,14994,16376,0,0,51.2,0,44,13562,16376,0,0,63.22,0,45,14556,16376,0,0,54.43,0,40,13562,16376,0,0
1759808254.831618,2025-10-07 11:37:34.831,57.24,18,46,14994,16376,0,0,51.19,0,46,13562,16376,0,0,62.02,0,45,14556,16376,0,0,56.21,17,40,13562,16376,0,0
1759808255.040715,2025-10-07 11:37:35.040,54.61,0,46,14994,16376,0,0,53.24,0,44,13562,16376,0,0,62.04,0,45,14556,16376,0,0,54.46,0,40,13562,16376,0,0
1759808255.2467186,2025-10-07 11:37:35.246,54.55,5,47,14994,16376,0,0,53.44,0,44,13562,16376,0,0,62.53,6,45,14556,16376,0,0,54.46,0,41,13562,16376,0,0
1759808255.4744759,2025-10-07 11:37:35.474,54.66,0,46,14994,16376,0,0,51.17,0,44,13562,16376,0,0,62.04,0,45,14556,16376,0,0,56.92,0,40,13562,16376,0,0
1759808255.6755476,2025-10-07 11:37:35.675,54.66,0,46,14994,16376,0,0,51.14,0,44,13562,16376,0,0,62.02,0,45,14556,16376,0,0,54.52,0,40,13562,16376,0,0
1759808255.8949268,2025-10-07 11:37:35.894,57.31,0,46,14994,16376,0,0,53.42,0,44,13562,16376,0,0,64.69,0,45,14556,16376,0,0,57.01,0,40,13562,16376,0,0
1759808256.0974379,2025-10-07 11:37:36.097,54.77,0,46,14994,16376,0,0,51.11,0,44,13562,16376,0,0,62.01,0,45,14556,16376,0,0,54.56,0,40,13562,16376,0,0
1759808256.3050256,2025-10-07 11:37:36.305,57.42,0,46,14994,16376,0,0,53.38,4,44,13562,16376,0,0,64.67,19,45,14556,16376,0,0,56.98,19,40,13562,16376,0,0
1759808256.5066729,2025-10-07 11:37:36.506,54.72,0,46,14994,16376,0,0,51.05,0,44,13562,16376,0,0,61.98,0,45,14556,16376,0,0,54.51,0,40,13562,16376,0,0
1759808256.7130554,2025-10-07 11:37:36.713,57.34,0,46,14994,16376,0,0,53.32,17,44,13562,16376,0,0,64.69,19,45,14556,16376,0,0,54.52,0,41,13562,16376,0,0
1759808256.9040744,2025-10-07 11:37:36.904,54.68,0,46,14994,16376,0,0,51.03,0,44,13562,16376,0,0,62.04,0,45,14556,16376,0,0,54.54,0,40,13562,16376,0,0
1759808257.1083004,2025-10-07 11:37:37.108,57.26,20,48,14994,16376,0,0,52.74,17,45,13562,16376,0,0,62.04,0,46,14556,16376,0,0,54.52,0,40,13562,16376,0,0
1759808257.3132527,2025-10-07 11:37:37.313,54.62,0,46,14994,16376,0,0,52.07,0,44,13562,16376,0,0,64.75,0,45,14556,16376,0,0,54.59,0,40,13562,16376,0,0
1759808257.5196626,2025-10-07 11:37:37.519,57.11,20,46,14994,16376,0,0,51.11,0,46,13562,16376,0,0,62.08,0,45,14556,16376,0,0,55.35,14,40,13562,16376,0,0
1759808257.7348065,2025-10-07 11:37:37.734,54.45,0,46,14994,16376,0,0,53.46,0,44,13562,16376,0,0,64.74,0,45,14556,16376,0,0,57.03,3,40,13562,16376,0,0
1759808257.9276226,2025-10-07 11:37:37.927,54.49,0,46,14994,16376,0,0,51.22,0,44,13562,16376,0,0,62.08,0,45,14556,16376,0,0,54.61,0,40,13562,16376,0,0
1759808258.144043,2025-10-07 11:37:38.144,57.13,0,46,14994,16376,0,0,53.53,0,44,13562,16376,0,0,64.77,0,45,14556,16376,0,0,57.08,0,40,13562,16376,0,0
1759808258.359984,2025-10-07 11:37:38.359,54.56,0,46,14994,16376,0,0,51.21,0,44,13562,16376,0,0,62.08,0,45,14556,16376,0,0,54.64,0,40,13562,16376,0,0
1759808258.5578794,2025-10-07 11:37:38.557,57.24,0,46,14994,16376,0,0,53.5,0,44,13562,16376,0,0,64.75,0,45,14556,16376,0,0,57.11,4,40,13562,16376,0,0
1759808258.7699792,2025-10-07 11:37:38.769,54.72,0,46,14994,16376,0,0,51.18,0,44,13562,16376,0,0,62.06,0,45,14556,16376,0,0,54.7,0,40,13562,16376,0,0
1759808258.9756536,2025-10-07 11:37:38.975,57.34,17,46,14994,16376,0,0,53.46,0,45,13562,16376,0,0,64.73,15,45,14556,16376,0,0,57.11,17,40,13562,16376,0,0
1759808259.1660984,2025-10-07 11:37:39.166,54.82,0,46,14994,16376,0,0,51.17,0,44,13562,16376,0,0,62.04,0,45,14556,16376,0,0,54.67,0,40,13562,16376,0,0
1759808259.3682232,2025-10-07 11:37:39.368,57.42,20,46,14994,16376,0,0,51.18,0,45,13562,16376,0,0,64.71,19,45,14556,16376,0,0,57.1,17,40,13562,16376,0,0
1759808259.5493896,2025-10-07 11:37:39.549,54.81,0,46,14994,16376,0,0,53.49,0,44,13562,16376,0,0,62.03,0,45,14556,16376,0,0,55.7,0,40,13562,16376,0,0
1759808259.7379866,2025-10-07 11:37:39.737,55.11,5,46,14994,16376,0,0,51.21,0,44,13562,16376,0,0,62.05,0,45,14556,16376,0,0,54.73,0,40,13562,16376,0,0
1759808259.9410622,2025-10-07 11:37:39.941,57.42,0,46,14994,16376,0,0,53.51,0,44,13562,16376,0,0,64.47,0,45,14556,16376,0,0,57.19,0,40,13562,16376,0,0
1759808260.1416,2025-10-07 11:37:40.141,54.77,0,46,14994,16376,0,0,51.2,0,44,13562,16376,0,0,62.02,0,45,14556,16376,0,0,54.77,0,40,13562,16376,0,0
1759808260.320944,2025-10-07 11:37:40.320,57.42,0,46,14994,16376,0,0,53.49,17,44,13562,16376,0,0,64.72,19,45,14556,16376,0,0,57.21,19,40,13562,16376,0,0
1759808260.5093663,2025-10-07 11:37:40.509,54.85,0,46,14994,16376,0,0,51.2,0,44,13562,16376,0,0,62.04,0,45,14556,16376,0,0,54.78,0,40,13562,16376,0,0
1759808260.7150834,2025-10-07 11:37:40.715,57.46,3,46,14994,16376,0,0,53.48,17,45,13562,16376,0,0,64.58,19,45,14556,16376,0,0,54.7,0,41,13562,16376,0,0
1759808260.9195232,2025-10-07 11:37:40.919,54.84,0,46,14994,16376,0,0,51.17,0,44,13562,16376,0,0,63.29,0,45,14556,16376,0,0,54.58,0,40,13562,16376,0,0
1759808261.127449,2025-10-07 11:37:41.127,57.47,20,47,14994,16376,0,0,51.91,15,45,13562,16376,0,0,62.04,0,47,14556,16376,0,0,56.98,17,40,13562,16376,0,0
1759808261.3310862,2025-10-07 11:37:41.331,54.84,0,46,14994,16376,0,0,53.45,0,44,13562,16376,0,0,64.69,0,45,14556,16376,0,0,54.57,0,40,13562,16376,0,0
1759808261.5179832,2025-10-07 11:37:41.517,57.48,20,46,14994,16376,0,0,51.16,0,45,13562,16376,0,0,62.01,0,45,14556,16376,0,0,54.56,4,40,13562,16376,0,0
1759808261.736639,2025-10-07 11:37:41.736,56.1,0,46,14994,16376,0,0,53.44,0,44,13562,16376,0,0,64.68,0,45,14556,16376,0,0,56.99,0,40,13562,16376,0,0
1759808261.937801,2025-10-07 11:37:41.937,54.82,0,48,14994,16376,0,0,51.15,0,44,13562,16376,0,0,61.98,0,45,14556,16376,0,0,54.58,0,40,13562,16376,0,0
1759808262.1517751,2025-10-07 11:37:42.151,57.43,0,46,14994,16376,0,0,52.72,0,44,13562,16376,0,0,64.63,0,45,14556,16376,0,0,57.05,0,40,13562,16376,0,0
1759808262.367324,2025-10-07 11:37:42.367,54.8,0,46,14994,16376,0,0,51.19,0,44,13562,16376,0,0,61.95,0,45,14556,16376,0,0,54.6,0,40,13562,16376,0,0
1759808262.5739305,2025-10-07 11:37:42.573,57.34,10,46,14994,16376,0,0,53.49,0,45,13562,16376,0,0,64.6,8,45,14556,16376,0,0,57.01,17,40,13562,16376,0,0
1759808262.7834122,2025-10-07 11:37:42.783,54.83,0,46,14994,16376,0,0,51.22,0,44,13562,16376,0,0,61.92,0,45,14556,16376,0,0,54.62,0,40,13562,16376,0,0
1759808262.9897857,2025-10-07 11:37:42.989,57.46,20,46,14994,16376,0,0,53.53,15,45,13562,16376,0,0,64.6,19,45,14556,16376,0,0,57.01,17,40,13562,16376,0,0
1759808263.192818,2025-10-07 11:37:43.192,54.88,0,46,14994,16376,0,0,51.24,0,44,13562,16376,0,0,61.93,0,45,14556,16376,0,0,54.56,0,40,13562,16376,0,0
1759808263.3999465,2025-10-07 11:37:43.399,57.46,10,47,14994,16376,0,0,53.52,19,45,13562,16376,0,0,63.7,16,45,14556,16376,0,0,54.54,0,42,13562,16376,0,0
1759808263.6066802,2025-10-07 11:37:43.606,54.8,0,46,14994,16376,0,0,51.21,0,44,13562,16376,0,0,63.41,0,45,14556,16376,0,0,56.99,0,40,13562,16376,0,0
1759808263.799007,2025-10-07 11:37:43.799,54.78,0,46,14994,16376,0,0,51.21,0,44,13562,16376,0,0,61.93,0,45,14556,16376,0,0,54.49,0,40,13562,16376,0,0
1759808263.9827363,2025-10-07 11:37:43.982,57.45,0,46,14994,16376,0,0,53.51,0,45,13562,16376,0,0,64.63,0,45,14556,16376,0,0,56.89,17,40,13562,16376,0,0
1759808264.167958,2025-10-07 11:37:44.167,54.86,0,46,14994,16376,0,0,51.21,0,44,13562,16376,0,0,61.96,0,45,14556,16376,0,0,54.44,0,40,13562,16376,0,0
1759808264.3817065,2025-10-07 11:37:44.381,57.53,20,46,14994,16376,0,0,53.47,0,45,13562,16376,0,0,64.64,19,46,14556,16376,0,0,56.85,17,40,13562,16376,0,0
1759808264.5773983,2025-10-07 11:37:44.577,54.93,0,46,14994,16376,0,0,51.17,0,44,13562,16376,0,0,61.98,0,45,14556,16376,0,0,54.4,0,40,13562,16376,0,0
1759808264.7718985,2025-10-07 11:37:44.771,57.51,20,46,14994,16376,0,0,53.46,19,46,13562,16376,0,0,64.65,19,45,14556,16376,0,0,54.85,12,41,13562,16376,0,0
1759808264.9821923,2025-10-07 11:37:44.982,54.81,0,46,14994,16376,0,0,51.16,0,44,13562,16376,0,0,61.97,0,45,14556,16376,0,0,56.82,0,40,13562,16376,0,0
1759808265.1902516,2025-10-07 11:37:45.190,54.8,0,46,14994,16376,0,0,51.14,0,44,13562,16376,0,0,61.97,0,46,14556,16376,0,0,54.37,0,40,13562,16376,0,0
1759808265.4043374,2025-10-07 11:37:45.404,54.7,0,46,14994,16376,0,0,51.16,0,44,13562,16376,0,0,64.63,0,45,14556,16376,0,0,56.77,0,40,13562,16376,0,0
1759808265.6145997,2025-10-07 11:37:45.614,55.92,18,46,14994,16376,0,0,51.17,0,44,13562,16376,0,0,61.96,0,45,14556,16376,0,0,54.34,0,40,13562,16376,0,0
1759808265.8332288,2025-10-07 11:37:45.833,54.55,0,46,14994,16376,0,0,53.49,0,44,13562,16376,0,0,64.62,0,45,14556,16376,0,0,56.34,0,40,13562,16376,0,0
1759808266.0297656,2025-10-07 11:37:46.029,54.47,0,46,14994,16376,0,0,51.21,0,44,13562,16376,0,0,61.95,0,45,14556,16376,0,0,54.38,0,40,13562,16376,0,0
1759808266.2497482,2025-10-07 11:37:46.249,57.1,0,46,14994,16376,0,0,53.55,8,44,13562,16376,0,0,64.63,0,45,14556,16376,0,0,56.87,0,40,13562,16376,0,0
1759808266.4597325,2025-10-07 11:37:46.459,54.5,0,46,14994,16376,0,0,51.27,0,44,13562,16376,0,0,61.96,0,45,14556,16376,0,0,54.44,0,40,13562,16376,0,0
1759808266.6557343,2025-10-07 11:37:46.655,57.13,0,46,14994,16376,0,0,53.56,19,45,13562,16376,0,0,64.63,19,45,14556,16376,0,0,56.88,18,41,13562,16376,0,0
1759808266.8281598,2025-10-07 11:37:46.828,54.59,0,46,14994,16376,0,0,51.28,0,44,13562,16376,0,0,62.2,0,45,14556,16376,0,0,54.44,0,40,13562,16376,0,0
1759808267.0191908,2025-10-07 11:37:47.019,57.24,18,48,14994,16376,0,0,53.01,17,45,13562,16376,0,0,61.99,0,46,14556,16376,0,0,56.86,19,40,13562,16376,0,0
1759808267.2220163,2025-10-07 11:37:47.222,54.69,0,46,14994,16376,0,0,53.5,0,44,13562,16376,0,0,64.69,0,45,14556,16376,0,0,54.41,0,40,13562,16376,0,0
1759808267.4181273,2025-10-07 11:37:47.418,57.36,18,46,14994,16376,0,0,51.26,0,46,13562,16376,0,0,62.03,0,45,14556,16376,0,0,54.89,7,40,13562,16376,0,0
1759808267.6256955,2025-10-07 11:37:47.625,54.82,0,46,14994,16376,0,0,53.55,0,44,13562,16376,0,0,64.73,0,45,14556,16376,0,0,56.85,0,40,13562,16376,0,0
1759808267.830449,2025-10-07 11:37:47.830,54.81,0,46,14994,16376,0,0,51.25,0,44,13562,16376,0,0,62.03,0,45,14556,16376,0,0,54.4,0,40,13562,16376,0,0
1759808268.0390253,2025-10-07 11:37:48.039,57.43,0,46,14994,16376,0,0,53.54,0,44,13562,16376,0,0,64.7,19,45,14556,16376,0,0,56.86,0,40,13562,16376,0,0
1759808268.2317388,2025-10-07 11:37:48.231,54.79,0,46,14994,16376,0,0,51.25,0,44,13562,16376,0,0,62.0,0,45,14556,16376,0,0,54.41,0,40,13562,16376,0,0
1759808268.4251313,2025-10-07 11:37:48.425,57.28,1,47,14994,16376,0,0,53.54,19,45,13562,16376,0,0,64.69,0,45,14556,16376,0,0,56.84,19,41,13562,16376,0,0
1759808268.6388772,2025-10-07 11:37:48.638,54.68,0,46,14994,16376,0,0,51.25,0,44,13562,16376,0,0,62.01,0,45,14556,16376,0,0,54.44,0,40,13562,16376,0,0
1759808268.8335347,2025-10-07 11:37:48.833,57.3,18,48,14994,16376,0,0,52.83,16,45,13562,16376,0,0,62.01,0,47,14556,16376,0,0,56.87,19,40,13562,16376,0,0
1759808269.0310502,2025-10-07 11:37:49.031,54.7,0,46,14994,16376,0,0,51.27,0,44,13562,16376,0,0,64.7,0,45,14556,16376,0,0,54.48,0,40,13562,16376,0,0
1759808269.230887,2025-10-07 11:37:49.230,57.28,18,46,14994,16376,0,0,51.25,0,46,13562,16376,0,0,62.01,0,45,14556,16376,0,0,55.11,8,40,13562,16376,0,0
1759808269.4377484,2025-10-07 11:37:49.437,55.25,0,46,14994,16376,0,0,53.53,0,44,13562,16376,0,0,61.98,0,45,14556,16376,0,0,56.95,0,40,13562,16376,0,0
1759808269.649736,2025-10-07 11:37:49.649,54.67,0,47,14994,16376,0,0,53.5,0,44,13562,16376,0,0,61.96,0,45,14556,16376,0,0,54.5,0,41,13562,16376,0,0
1759808269.8705754,2025-10-07 11:37:49.870,57.31,0,46,14994,16376,0,0,51.93,0,45,13562,16376,0,0,64.64,0,45,14556,16376,0,0,56.99,0,40,13562,16376,0,0
1759808270.0739038,2025-10-07 11:37:50.073,54.69,0,46,14994,16376,0,0,51.2,0,44,13562,16376,0,0,61.95,0,45,14556,16376,0,0,54.58,0,40,13562,16376,0,0
1759808270.2780473,2025-10-07 11:37:50.278,0.0,0,0,0,0,0,0,0.0,0,0,0,0,0,0,0.0,0,0,0,0,0,0,0.0,0,0,0,0,0,0
